company_name,industry,stock_market,sector,address
Open Text Corporation,EDP Services,NASDAQ,Technology,70 Farwell Court
Sotherly Hotels LP,Hotels/Resorts,NASDAQ,Consumer Services,759 Lighthouse Bay Road
Landstar System, Inc.,Trucking Freight/Courier Services,NASDAQ,Transportation,6 Stephen Junction
Grupo Financiero Galicia S.A.,Commercial Banks,NASDAQ,Finance,6711 Clove Trail
Berkshire Hathaway Inc.,n/a,NYSE,n/a,0305 Tomscot Avenue
Washington Federal, Inc.,Major Banks,NASDAQ,Finance,46191 Novick Avenue
Vantage Energy Acquisition Corp.,Business Services,NASDAQ,Finance,1 Manufacturers Way
Heritage-Crystal Clean, Inc.,Miscellaneous,NASDAQ,Basic Industries,92 Springview Park
First Trust Mega Cap AlphaDEX Fund,n/a,NASDAQ,n/a,2000 Anzinger Pass
Apollo Commercial Real Estate Finance,Real Estate Investment Trusts,NYSE,Consumer Services,5392 1st Pass
UroGen Pharma Ltd.,Major Pharmaceuticals,NASDAQ,Health Care,33 Sherman Lane
USANA Health Sciences, Inc.,Specialty Chemicals,NYSE,Consumer Durables,4 Kenwood Lane
Inspired Entertainment, Inc.,Computer Software: Prepackaged Software,NASDAQ,Technology,749 Barnett Place
Nuveen AMT-Free Municipal Value Fund,n/a,NYSE,n/a,11 Ridge Oak Parkway
Clipper Realty Inc.,Real Estate Investment Trusts,NYSE,Consumer Services,98 Norway Maple Point
ADDvantage Technologies Group, Inc.,Office Equipment/Supplies/Services,NASDAQ,Consumer Services,4 Express Terrace
PIMCO Dynamic Credit and Mortgage Income Fund,n/a,NYSE,n/a,41 Lyons Way
Jensyn Acquistion Corp.,Business Services,NASDAQ,Finance,9 Melody Crossing
STARWOOD PROPERTY TRUST, INC.,Real Estate Investment Trusts,NYSE,Consumer Services,4 Hermina Place
Sparton Corporation,Electrical Products,NYSE,Technology,2 Kennedy Way
Communications Systems, Inc.,Telecommunications Equipment,NASDAQ,Public Utilities,15251 Mallory Pass
Pathfinder Bancorp, Inc.,Major Banks,NASDAQ,Finance,010 Iowa Center
Digi International Inc.,Computer Communications Equipment,NASDAQ,Technology,984 2nd Road
W.R. Berkley Corporation,Property-Casualty Insurers,NYSE,Finance,8 Everett Road
Astoria Financial Corporation,n/a,NYSE,n/a,26265 Barby Way
The First of Long Island Corporation,Major Banks,NASDAQ,Finance,65 Tennyson Junction
Crown Holdings, Inc.,Containers/Packaging,NYSE,Consumer Durables,6715 Raven Pass
KeyCorp,n/a,NYSE,n/a,76421 Melvin Plaza
Taubman Centers, Inc.,Real Estate Investment Trusts,NYSE,Consumer Services,44796 Debra Street
CorVel Corp.,Specialty Insurers,NASDAQ,Finance,8448 Evergreen Point
Delta Technology Holdings Limited,Major Chemicals,NASDAQ,Basic Industries,208 Walton Parkway
Liberty Media Corporation,Broadcasting,NASDAQ,Consumer Services,903 Bartelt Place
Goldman Sachs MLP Income Opportunities Fund,n/a,NYSE,n/a,1 Scofield Pass
First Business Financial Services, Inc.,Major Banks,NASDAQ,Finance,0933 Cottonwood Crossing
Proto Labs, Inc.,Metal Fabrications,NYSE,Capital Goods,1 Golf Circle
Broadwind Energy, Inc.,Metal Fabrications,NASDAQ,Capital Goods,27 Mendota Drive
EQT Midstream Partners, LP,Natural Gas Distribution,NYSE,Public Utilities,6725 Ilene Place
Insteel Industries, Inc.,Steel/Iron Ore,NASDAQ,Capital Goods,4 Eagan Park
Great Western Bancorp, Inc.,Major Banks,NYSE,Finance,79 Cambridge Center
American Homes 4 Rent,Real Estate Investment Trusts,NYSE,Consumer Services,47 Merry Junction
Mondelez International, Inc.,Packaged Foods,NASDAQ,Consumer Non-Durables,886 Ramsey Court
Accelerate Diagnostics, Inc.,Biotechnology: Laboratory Analytical Instruments,NASDAQ,Capital Goods,348 Westport Lane
Energy Transfer Equity, L.P.,Natural Gas Distribution,NYSE,Public Utilities,17 Tennessee Trail
John Hancock Tax Advantaged Dividend Income Fund,n/a,NYSE,n/a,930 Dawn Trail
CoreCivic, Inc.,Real Estate Investment Trusts,NYSE,Consumer Services,95 Nevada Park
Fate Therapeutics, Inc.,Biotechnology: Biological Products (No Diagnostic Substances),NASDAQ,Health Care,1 Pennsylvania Circle
51job, Inc.,Diversified Commercial Services,NASDAQ,Technology,96762 Stuart Trail
Del Taco Restaurants, Inc.,Restaurants,NASDAQ,Consumer Services,51661 Kingsford Point
Forum Merger Corporation,Business Services,NASDAQ,Finance,0 Forest Trail
Ingersoll-Rand plc (Ireland),Auto Parts:O.E.M.,NYSE,Capital Goods,5908 Leroy Center
Great Elm Capital Corp.,n/a,NASDAQ,n/a,7993 Cody Plaza
Opexa Therapeutics, Inc.,Major Pharmaceuticals,NASDAQ,Health Care,518 Cambridge Terrace
Kosmos Energy Ltd.,Oil & Gas Production,NYSE,Energy,77566 Kim Trail
MDC Partners Inc.,Advertising,NASDAQ,Technology,426 Havey Lane
Embotelladora Andina S.A.,n/a,NYSE,n/a,8 Golf View Parkway
Goldman Sachs Group, Inc. (The),n/a,NYSE,n/a,13 Surrey Parkway
Canadian National Railway Company,Railroads,NYSE,Transportation,1940 Iowa Terrace
Hawaiian Holdings, Inc.,Air Freight/Delivery Services,NASDAQ,Transportation,9 South Circle
Vulcan Materials Company,Mining & Quarrying of Nonmetallic Minerals (No Fuels),NYSE,Basic Industries,97380 Browning Crossing
TearLab Corporation,Medical/Dental Instruments,NASDAQ,Health Care,01717 Blaine Drive
NextEra Energy Partners, LP,Electric Utilities: Central,NYSE,Public Utilities,218 Kim Plaza
Forward Air Corporation,Oil Refining/Marketing,NASDAQ,Transportation,948 Clarendon Point
S&W Seed Company,Farming/Seeds/Milling,NASDAQ,Consumer Non-Durables,6 Derek Avenue
magicJack VocalTec Ltd,Telecommunications Equipment,NASDAQ,Public Utilities,060 Corscot Lane
Perry Ellis International Inc.,Apparel,NASDAQ,Consumer Non-Durables,88 Schlimgen Avenue
ENGlobal Corporation,Military/Government/Technical,NASDAQ,Consumer Services,0 Anhalt Parkway
Seneca Foods Corp.,Packaged Foods,NASDAQ,Consumer Non-Durables,76162 Pennsylvania Circle
DTE Energy Company,Electric Utilities: Central,NYSE,Public Utilities,01579 Arapahoe Lane
Pluristem Therapeutics, Inc.,Biotechnology: Biological Products (No Diagnostic Substances),NASDAQ,Health Care,367 Rieder Center
Steelcase Inc.,Office Equipment/Supplies/Services,NYSE,Consumer Durables,3 Becker Court
AbbVie Inc.,Major Pharmaceuticals,NYSE,Health Care,5631 Pawling Avenue
Knowles Corporation,Consumer Electronics/Appliances,NYSE,Consumer Non-Durables,6848 Nevada Way
Arc Logistic Partners LP,Oil Refining/Marketing,NYSE,Energy,20 Prairieview Park
HD Supply Holdings, Inc.,Office Equipment/Supplies/Services,NASDAQ,Consumer Services,4 Northfield Lane
Silver Run Acquisition Corporation II,Business Services,NASDAQ,Finance,0439 Dorton Hill
Boeing Company (The),Aerospace,NYSE,Capital Goods,42 Bobwhite Avenue
Fidelity Southern Corporation,Major Banks,NASDAQ,Finance,2 Rockefeller Crossing
Blackrock MuniYield California Insured Fund, Inc.,n/a,NYSE,n/a,9941 Hintze Point
Skyline Medical Inc.,Industrial Specialties,NASDAQ,Health Care,6098 Melrose Junction
Verisk Analytics, Inc.,EDP Services,NASDAQ,Technology,101 Crowley Point
Dorchester Minerals, L.P.,Oil & Gas Production,NASDAQ,Energy,89 Fordem Way
Employers Holdings Inc,Property-Casualty Insurers,NYSE,Finance,56 Bayside Road
Globant S.A.,EDP Services,NYSE,Technology,057 Magdeline Park
Civeo Corporation,Hotels/Resorts,NYSE,Consumer Services,55531 Del Sol Way
Origo Acquisition Corporation,Business Services,NASDAQ,Finance,53415 Nevada Avenue
MediciNova, Inc.,Major Pharmaceuticals,NASDAQ,Health Care,11 Park Meadow Road
Arrowhead Pharmaceuticals, Inc.,Major Pharmaceuticals,NASDAQ,Health Care,47748 Jackson Hill
Nuveen Missouri Quality Municipal Income Fund,n/a,NYSE,n/a,0074 Schmedeman Center
Sun Communities, Inc.,n/a,NYSE,n/a,697 Jackson Avenue
Aqua America, Inc.,Water Supply,NYSE,Public Utilities,1669 Anderson Place
SodaStream International Ltd.,Consumer Electronics/Appliances,NASDAQ,Consumer Durables,48 Blue Bill Park Plaza
Century Casinos, Inc.,Hotels/Resorts,NASDAQ,Consumer Services,18 Truax Pass
Biogen Inc.,Biotechnology: Biological Products (No Diagnostic Substances),NASDAQ,Health Care,3856 Village Green Junction
Nuveen Multi-Market Income Fund,n/a,NYSE,n/a,5 Arizona Center
Invesco Municipal Trust,n/a,NYSE,n/a,96887 Loomis Junction
Goldman Sachs Group, Inc. (The),n/a,NYSE,n/a,94084 Anderson Pass
Goldman Sachs Group, Inc. (The),n/a,NYSE,n/a,871 Leroy Park
Telephone and Data Systems, Inc.,Telecommunications Equipment,NYSE,Public Utilities,67 Kedzie Crossing
SunPower Corporation,Semiconductors,NASDAQ,Technology,456 Moland Crossing
SG Blocks, Inc.,n/a,NASDAQ,n/a,45506 Chive Plaza
Natera, Inc.,Medical Specialities,NASDAQ,Health Care,19 Scott Place
Alpine Global Dynamic Dividend Fund,n/a,NYSE,n/a,4805 Fairfield Center
Mesa Laboratories, Inc.,Industrial Machinery/Components,NASDAQ,Capital Goods,96505 Esch Alley
Dominion Energy, Inc.,Electric Utilities: Central,NYSE,Public Utilities,24554 Milwaukee Street
Middlefield Banc Corp.,Major Banks,NASDAQ,Finance,56 Badeau Terrace
Glen Burnie Bancorp,Major Banks,NASDAQ,Finance,205 Meadow Vale Lane
Pinnacle West Capital Corporation,Electric Utilities: Central,NYSE,Public Utilities,6 Knutson Center
Swiss Helvetia Fund, Inc. (The),n/a,NYSE,n/a,5385 Kensington Court
FelCor Lodging Trust Incorporated,Real Estate Investment Trusts,NYSE,Consumer Services,53 Armistice Alley
Global X Internet of Things ETF,n/a,NASDAQ,n/a,9 Sherman Hill
Shell Midstream Partners, L.P.,Natural Gas Distribution,NYSE,Energy,64387 Lyons Plaza
ADTRAN, Inc.,Telecommunications Equipment,NASDAQ,Public Utilities,62 Crowley Park
Gladstone Investment Corporation,n/a,NASDAQ,n/a,478 Farwell Point
Revlon, Inc.,Package Goods/Cosmetics,NYSE,Consumer Non-Durables,1 Chive Plaza
BroadSoft, Inc.,Computer Software: Prepackaged Software,NASDAQ,Technology,79200 Claremont Parkway
Colgate-Palmolive Company,Package Goods/Cosmetics,NYSE,Consumer Non-Durables,9891 Loftsgordon Road
Anadarko Petroleum Corporation,Oil & Gas Production,NYSE,Energy,79787 Farragut Avenue
Spartan Motors, Inc.,Auto Manufacturing,NASDAQ,Capital Goods,43 Prairie Rose Place
L.S. Starrett Company (The),Industrial Machinery/Components,NYSE,Capital Goods,67 Nelson Court
Silicon Motion Technology Corporation,Semiconductors,NASDAQ,Technology,2 Hovde Parkway
RiceBran Technologies,Packaged Foods,NASDAQ,Consumer Non-Durables,43 Lindbergh Road
New York Community Bancorp, Inc.,n/a,NYSE,n/a,9645 South Crossing
PhotoMedex, Inc.,Biotechnology: Electromedical & Electrotherapeutic Apparatus,NASDAQ,Health Care,507 Monica Place
Blackrock Health Sciences Trust,n/a,NYSE,n/a,384 Badeau Pass
DRDGOLD Limited,Precious Metals,NYSE,Basic Industries,47 Commercial Park
My Size, Inc.,Computer Software: Prepackaged Software,NASDAQ,Technology,2698 Elka Avenue
Western Alliance Bancorporation,Major Banks,NYSE,Finance,54 Buell Terrace
iPath US Treasury Long Bond Bear ETN,Commercial Banks,NASDAQ,Finance,83 Mandrake Place
Magna International, Inc.,Auto Parts:O.E.M.,NYSE,Capital Goods,2297 Holmberg Place
IBERIABANK Corporation,Major Banks,NASDAQ,Finance,74 Everett Drive
Gladstone Commercial Corporation,Real Estate,NASDAQ,Consumer Services,9 Ruskin Parkway
Voya Infrastructure, Industrials and Materials Fund,n/a,NYSE,n/a,2 Vera Hill
Foresight Energy LP,Coal Mining,NYSE,Energy,6488 Pierstorff Lane
Westpac Banking Corporation,Commercial Banks,NYSE,Finance,837 Maple Alley
Public Storage,Real Estate Investment Trusts,NYSE,Consumer Services,76772 Arizona Road
PRGX Global, Inc.,Diversified Commercial Services,NASDAQ,Consumer Services,8086 Aberg Junction
Corporate Office Properties Trust,n/a,NYSE,n/a,1896 Anhalt Pass
Barnes & Noble, Inc.,Other Specialty Stores,NYSE,Consumer Services,6916 Bartillon Crossing
Gabelli NextShares Trust,n/a,NASDAQ,n/a,6535 International Way
CommScope Holding Company, Inc.,Radio And Television Broadcasting And Communications Equipment,NASDAQ,Technology,7 2nd Center
Foundation Medicine, Inc.,Medical Specialities,NASDAQ,Health Care,645 Jackson Park
Tractor Supply Company,RETAIL: Building Materials,NASDAQ,Consumer Services,1 Lakewood Circle
Morgan Stanley India Investment Fund, Inc.,n/a,NYSE,n/a,5786 West Way
Community Health Systems, Inc.,Hospital/Nursing Management,NYSE,Health Care,42 Continental Drive
Everbridge, Inc.,n/a,NASDAQ,n/a,1699 Hoffman Street
CenturyLink, Inc.,Telecommunications Equipment,NYSE,Public Utilities,4793 Lindbergh Circle
Paylocity Holding Corporation,Computer Software: Prepackaged Software,NASDAQ,Technology,9 Golden Leaf Place
Nuveen Pennsylvania Quality Municipal Income Fund,n/a,NYSE,n/a,81755 Hayes Terrace
Gladstone Commercial Corporation,Real Estate,NASDAQ,Consumer Services,8 Fairfield Alley
Brookfield Global Listed Infrastructure Income Fund,n/a,NYSE,n/a,766 Mallory Plaza
Haverty Furniture Companies, Inc.,Other Specialty Stores,NYSE,Consumer Services,48434 Esker Place
Regal Entertainment Group,Movies/Entertainment,NYSE,Consumer Services,893 Kedzie Hill
Oxford Industries, Inc.,Apparel,NYSE,Consumer Non-Durables,04072 Arkansas Court
Wabco Holdings Inc.,Auto Manufacturing,NYSE,Capital Goods,6 Sommers Road
Apollo Commercial Real Estate Finance,n/a,NYSE,n/a,36 Thierer Plaza
Wells Fargo & Company,n/a,NYSE,n/a,2009 Pepper Wood Place
Workhorse Group, Inc.,Auto Manufacturing,NASDAQ,Capital Goods,47 Porter Place
Oxford Lane Capital Corp.,n/a,NASDAQ,n/a,1 Continental Trail
Vanguard Emerging Markets Government Bond ETF,n/a,NASDAQ,n/a,00436 Springview Alley
Comp En De Mn Cemig ADS,n/a,NYSE,n/a,8 Merchant Trail
Scorpio Tankers Inc.,Marine Transportation,NYSE,Transportation,98 Calypso Trail
Vanguard Russell 1000 ETF,n/a,NASDAQ,n/a,39400 Sundown Park
Blackrock New York Municipal Income Quality Trust,n/a,NYSE,n/a,8852 Del Sol Trail
Manchester United Ltd.,Services-Misc. Amusement & Recreation,NYSE,Consumer Services,5871 Clove Hill
The Cheesecake Factory Incorporated,Restaurants,NASDAQ,Consumer Services,80550 Portage Court
Applied Materials, Inc.,Semiconductors,NASDAQ,Technology,9 Doe Crossing Pass
NextEra Energy, Inc.,n/a,NYSE,n/a,87334 Cody Circle
Western Asset High Yield Defined Opportunity Fund Inc.,n/a,NYSE,n/a,87346 Lakeland Court
Targa Resources, Inc.,Natural Gas Distribution,NYSE,Public Utilities,7041 Meadow Valley Road
Dreyfus High Yield Strategies Fund,n/a,NYSE,n/a,78724 Schurz Plaza
Hawaiian Holdings, Inc.,Air Freight/Delivery Services,NASDAQ,Transportation,87 Center Lane
First Trust RBA American Industrial Renaissance ETF,n/a,NASDAQ,n/a,0117 Cambridge Center
Itron, Inc.,Electrical Products,NASDAQ,Capital Goods,722 Briar Crest Drive
Blackrock California Municipal 2018 Term Trust,n/a,NYSE,n/a,19053 Coolidge Alley
JetPay Corporation,Business Services,NASDAQ,Finance,44151 8th Pass
American Public Education, Inc.,Other Consumer Services,NASDAQ,Consumer Services,20807 Pawling Pass
Goldman Sachs Group, Inc. (The),n/a,NYSE,n/a,3903 Express Junction
Novelion Therapeutics Inc. ,Major Pharmaceuticals,NASDAQ,Health Care,17 Bartelt Park
Hi-Crush Partners LP,Mining & Quarrying of Nonmetallic Minerals (No Fuels),NYSE,Basic Industries,40 Meadow Valley Lane
Guggenheim Strategic Opportunities Fund,n/a,NYSE,n/a,226 Mockingbird Street
General Dynamics Corporation,Marine Transportation,NYSE,Capital Goods,75323 Mariners Cove Parkway
YPF Sociedad Anonima,Integrated oil Companies,NYSE,Energy,5 Schlimgen Crossing
Banco Latinoamericano de Comercio Exterior, S.A.,Commercial Banks,NYSE,Finance,432 Clemons Junction
SunPower Corporation,Semiconductors,NASDAQ,Technology,3740 Vahlen Alley
Vanguard Emerging Markets Government Bond ETF,n/a,NASDAQ,n/a,36 Reinke Pass
Rayonier Inc.,Real Estate Investment Trusts,NYSE,Consumer Services,57 Talmadge Circle
Maiden Holdings, Ltd.,Property-Casualty Insurers,NYSE,Finance,29285 Southridge Place
Renasant Corporation,Major Banks,NASDAQ,Finance,263 Waywood Pass
Reading International Inc,Movies/Entertainment,NASDAQ,Consumer Services,50082 Forest Point
SMTC Corporation,Electrical Products,NASDAQ,Technology,1 Helena Hill
Farmer Brothers Company,Packaged Foods,NASDAQ,Consumer Non-Durables,95 Pearson Pass
First Defiance Financial Corp.,Savings Institutions,NASDAQ,Finance,4969 Messerschmidt Point
Global Blood Therapeutics, Inc.,Major Pharmaceuticals,NASDAQ,Health Care,6515 Bartillon Circle
Gabelli Convertible and Income Securities Fund, Inc. (The),n/a,NYSE,n/a,870 Anniversary Pass
Tutor Perini Corporation,General Bldg Contractors - Nonresidential Bldgs,NYSE,Basic Industries,96 Esker Lane
Conyers Park Acquisition Corp.,Business Services,NASDAQ,Finance,42276 Prairieview Court
Duke Energy Corporation,Power Generation,NYSE,Public Utilities,98 Bashford Park
MFS Special Value Trust,n/a,NYSE,n/a,061 Superior Hill
Nuveen Connecticut Quality Municipal Income Fund,n/a,NYSE,n/a,4858 Mandrake Point
National General Holdings Corp,Property-Casualty Insurers,NASDAQ,Finance,787 Farmco Parkway
Allegion plc,Diversified Commercial Services,NYSE,Consumer Services,80008 Grim Place
Opexa Therapeutics, Inc.,Major Pharmaceuticals,NASDAQ,Health Care,22039 Spaight Road
Gabelli Utility Trust (The),n/a,NYSE,n/a,28 Maryland Alley
Air Products and Chemicals, Inc.,Major Chemicals,NYSE,Basic Industries,0409 Cottonwood Center
CSI Compressco LP,Oilfield Services/Equipment,NASDAQ,Energy,62 Cascade Junction
HSN, Inc.,Other Specialty Stores,NASDAQ,Consumer Services,7199 Namekagon Street
athenahealth, Inc.,Business Services,NASDAQ,Miscellaneous,1769 Troy Trail
ReWalk Robotics Ltd,Industrial Specialties,NASDAQ,Health Care,08 Springs Court
Liberty Global plc,Television Services,NASDAQ,Consumer Services,59015 Granby Pass
First Trust TCW Opportunistic Fixed Income ETF,n/a,NASDAQ,n/a,7428 Dakota Plaza
The Herzfeld Caribbean Basin Fund, Inc.,n/a,NASDAQ,n/a,848 Golden Leaf Lane
Franklin Financial Network, Inc.,Major Banks,NYSE,Finance,0 Armistice Circle
HV Bancorp, Inc.,Major Banks,NASDAQ,Finance,17 Bonner Trail
Equity Lifestyle Properties, Inc.,Real Estate Investment Trusts,NYSE,Consumer Services,1900 Reinke Terrace
Quidel Corporation,Biotechnology: In Vitro & In Vivo Diagnostic Substances,NASDAQ,Health Care,8216 Linden Center
Celgene Corporation,Major Pharmaceuticals,NASDAQ,Health Care,02479 Grim Plaza
Everest Re Group, Ltd.,Property-Casualty Insurers,NYSE,Finance,54 Westerfield Street
Park-Ohio Holdings Corp.,Industrial Specialties,NASDAQ,Capital Goods,0 Colorado Road
3D Systems Corporation,Computer Software: Prepackaged Software,NYSE,Technology,82 Lerdahl Parkway
Cardiovascular Systems, Inc.,Medical/Dental Instruments,NASDAQ,Health Care,145 Thompson Center
Entegris, Inc.,Plastic Products,NASDAQ,Consumer Non-Durables,9171 Arkansas Park
Genuine Parts Company,Automotive Aftermarket,NYSE,Capital Goods,92 Morning Pass
Ever-Glory International Group, Inc.,Apparel,NASDAQ,Consumer Non-Durables,34 Reinke Street
Capitol Federal Financial, Inc.,Savings Institutions,NASDAQ,Finance,4 Darwin Park
Catalyst Pharmaceuticals, Inc.,Major Pharmaceuticals,NASDAQ,Health Care,4 Myrtle Plaza
Stoneridge, Inc.,Auto Parts:O.E.M.,NYSE,Capital Goods,35 La Follette Hill
PowerShares DWA Consumer Cyclicals Momentum Portfolio,n/a,NASDAQ,n/a,55 Susan Road
aTyr Pharma, Inc.,Biotechnology: Biological Products (No Diagnostic Substances),NASDAQ,Health Care,0037 Hollow Ridge Plaza
Mississippi Power Company,n/a,NYSE,n/a,822 Debra Hill
Northeast Bancorp,Major Banks,NASDAQ,Finance,50 Rutledge Court
CF Corporation,Business Services,NASDAQ,Finance,6 3rd Road
Resonant Inc.,Semiconductors,NASDAQ,Technology,119 Kinsman Court
Guggenheim Enhanced Equity Income Fund,n/a,NYSE,n/a,463 Hanover Lane
Antero Midstream Partners LP,Natural Gas Distribution,NYSE,Public Utilities,4739 Oriole Point
Arbor Realty Trust,Real Estate Investment Trusts,NYSE,Consumer Services,3901 Bashford Plaza
Salesforce.com Inc,Computer Software: Prepackaged Software,NYSE,Technology,6497 Victoria Avenue
Accuray Incorporated,Medical/Dental Instruments,NASDAQ,Health Care,46758 Schurz Parkway
Porter Bancorp, Inc.,Major Banks,NASDAQ,Finance,15572 Monument Point
Modern Media Acquisition Corp.,Business Services,NASDAQ,Finance,95144 Park Meadow Center
CTS Corporation,Electrical Products,NYSE,Technology,5 Lakewood Place
Aevi Genomic Medicine, Inc.,Biotechnology: Biological Products (No Diagnostic Substances),NASDAQ,Health Care,575 Hanover Court
Wheaton Precious Metals Corp.,Precious Metals,NYSE,Basic Industries,1 School Place
Western Alliance Bancorporation,Major Banks,NYSE,Finance,5 Carpenter Place
Tocagen Inc.,Major Pharmaceuticals,NASDAQ,Health Care,59158 Melby Pass
Nuveen Dow 30SM Dynamic Overwrite Fund,n/a,NYSE,n/a,76503 Tony Park
GAMCO Natural Resources, Gold & Income Tust ,n/a,NYSE,n/a,5631 Claremont Court
Agnico Eagle Mines Limited,Precious Metals,NYSE,Basic Industries,8987 Superior Park
NuVasive, Inc.,Medical/Dental Instruments,NASDAQ,Health Care,10723 Oak Terrace
National Bankshares, Inc.,Major Banks,NASDAQ,Finance,385 Manitowish Crossing
Stoneridge, Inc.,Auto Parts:O.E.M.,NYSE,Capital Goods,9 Blue Bill Park Trail
Astronics Corporation,Military/Government/Technical,NASDAQ,Capital Goods,9 Fulton Circle
CYS Investments, Inc.,Real Estate Investment Trusts,NYSE,Consumer Services,94175 Marcy Junction
Axalta Coating Systems Ltd.,Paints/Coatings,NYSE,Basic Industries,30284 Scoville Parkway
Suncor Energy  Inc.,Integrated oil Companies,NYSE,Energy,979 Shasta Junction
Liberty Media Corporation,Broadcasting,NASDAQ,Consumer Services,49 Weeping Birch Alley
root9B Holdings, Inc.,Professional Services,NASDAQ,Consumer Services,430 Dunning Junction
QEP Resources, Inc.,Oil & Gas Production,NYSE,Energy,37280 Mcbride Drive
Lombard Medical, Inc.,Medical/Dental Instruments,NASDAQ,Health Care,2578 Utah Terrace
Stifel Financial Corporation,Investment Bankers/Brokers/Service,NYSE,Finance,98 Nova Hill
Cartesian, Inc.,Professional Services,NASDAQ,Consumer Services,42 Anthes Hill
SVB Financial Group,Major Banks,NASDAQ,Finance,425 Dunning Plaza
Avista Corporation,Power Generation,NYSE,Public Utilities,017 Bayside Pass
Vanda Pharmaceuticals Inc.,Major Pharmaceuticals,NASDAQ,Health Care,891 Glendale Avenue
Great Lakes Dredge & Dock Corporation,Military/Government/Technical,NASDAQ,Basic Industries,91203 Victoria Center
NewStar Financial, Inc.,Finance: Consumer Services,NASDAQ,Finance,6 Waxwing Pass
Benchmark Electronics, Inc.,Electrical Products,NYSE,Technology,1 Moland Circle
Gray Television, Inc.,n/a,NYSE,n/a,7 Northwestern Parkway
Spectra Energy Partners, LP,Natural Gas Distribution,NYSE,Public Utilities,7932 Cherokee Circle
Xenon Pharmaceuticals Inc.,Major Pharmaceuticals,NASDAQ,Health Care,6 Weeping Birch Park
Tennessee Valley Authority,Electric Utilities: Central,NYSE,Public Utilities,6345 Talmadge Alley
Fastenal Company,RETAIL: Building Materials,NASDAQ,Consumer Services,34734 Cascade Park
WSI Industries Inc.,Industrial Machinery/Components,NASDAQ,Technology,4840 Morningstar Point
KKR Financial Holdings LLC,n/a,NYSE,n/a,111 Rockefeller Parkway
The Goodyear Tire & Rubber Company,Automotive Aftermarket,NASDAQ,Consumer Durables,13177 Monterey Pass
Baozun Inc.,Catalog/Specialty Distribution,NASDAQ,Consumer Services,748 Corry Circle
Renren Inc.,EDP Services,NYSE,Technology,0021 Miller Hill
Agile Therapeutics, Inc.,Major Pharmaceuticals,NASDAQ,Health Care,40 Lunder Avenue
Regency Centers Corporation,n/a,NYSE,n/a,5 Mifflin Terrace
Maiden Holdings, Ltd.,Property-Casualty Insurers,NASDAQ,Finance,1948 Autumn Leaf Circle
Pengrowth Energy Corporation,Oil & Gas Production,NYSE,Energy,08559 Hayes Lane
State Street Corporation,Major Banks,NYSE,Finance,039 Brickson Park Street
Willis Towers Watson Public Limited Company,Specialty Insurers,NASDAQ,Finance,989 Northland Lane
Advent Claymore Convertible Securities and Income Fund,n/a,NYSE,n/a,8 Bunker Hill Way
Banco Latinoamericano de Comercio Exterior, S.A.,Commercial Banks,NYSE,Finance,9382 Maryland Avenue
TICC Capital Corp.,n/a,NASDAQ,n/a,34 Bartelt Circle
Cobalt International Energy, Inc.,Oil & Gas Production,NYSE,Energy,86882 Hansons Road
Aberdeen Singapore Fund, Inc.,n/a,NYSE,n/a,486 South Terrace
Arconic Inc.,Metal Fabrications,NYSE,Capital Goods,5 Bayside Plaza
HMS Holdings Corp,Business Services,NASDAQ,Miscellaneous,6 Warrior Plaza
Ducommun Incorporated,Military/Government/Technical,NYSE,Capital Goods,11 Scoville Park
Performance Food Group Company,Food Distributors,NYSE,Consumer Non-Durables,10773 Oakridge Lane
Diana Shipping inc.,Marine Transportation,NYSE,Transportation,969 Blue Bill Park Center
Korea Fund, Inc. (The),n/a,NYSE,n/a,8186 Cody Trail
Sonic Automotive, Inc.,Automotive Aftermarket,NYSE,Consumer Durables,017 Havey Road
TerraVia Holdings, Inc.,Major Chemicals,NASDAQ,Basic Industries,860 Northwestern Center
PrivateBancorp, Inc.,Major Banks,NYSE,Finance,599 Oak Hill
Skechers U.S.A., Inc.,Shoe Manufacturing,NYSE,Consumer Non-Durables,68 Debs Circle
Newell Brands Inc.,Plastic Products,NYSE,Consumer Non-Durables,45 Novick Center
Just Energy Group, Inc.,Oil/Gas Transmission,NYSE,Public Utilities,9 Fordem Place
Prospect Capital Corporation,n/a,NASDAQ,n/a,70202 Algoma Way
NAPCO Security Technologies, Inc.,Telecommunications Equipment,NASDAQ,Consumer Durables,591 Melby Alley
Alliance California Municipal Income Fund Inc,n/a,NYSE,n/a,70986 Prairie Rose Trail
Titan International, Inc.,Steel/Iron Ore,NYSE,Basic Industries,07 Onsgard Plaza
Taylor Morrison Home Corporation,Homebuilding,NYSE,Capital Goods,8567 Calypso Pass
Town Sports International Holdings, Inc.,Hotels/Resorts,NASDAQ,Consumer Services,449 Barby Road
Advantage Oil & Gas Ltd,Oil & Gas Production,NYSE,Energy,773 Armistice Lane
Citigroup Inc.,n/a,NYSE,n/a,8599 Anderson Parkway
Taubman Centers, Inc.,n/a,NYSE,n/a,57 Tomscot Point
ENDRA Life Sciences Inc.,Biotechnology: Electromedical & Electrotherapeutic Apparatus,NASDAQ,Health Care,9116 Forest Run Hill
Eaton Vance Municipal Income Trust,n/a,NYSE,n/a,50 Little Fleur Trail
Rennova Health, Inc.,Precision Instruments,NASDAQ,Health Care,4 Nelson Trail
ZAGG Inc,Other Specialty Stores,NASDAQ,Consumer Services,2225 Declaration Way
Zillow Group, Inc.,Business Services,NASDAQ,Miscellaneous,651 Vermont Avenue
Express, Inc.,Clothing/Shoe/Accessory Stores,NYSE,Consumer Services,62 Dorton Parkway
ADTRAN, Inc.,Telecommunications Equipment,NASDAQ,Public Utilities,51 Eastwood Hill
Fiat Chrysler Automobiles N.V.,Auto Manufacturing,NYSE,Capital Goods,836 Brown Center
MKS Instruments, Inc.,Industrial Machinery/Components,NASDAQ,Capital Goods,5 Carioca Crossing
Morgan Stanley China A Share Fund Inc.,n/a,NYSE,n/a,9567 Park Meadow Point
ABM Industries Incorporated,Diversified Commercial Services,NYSE,Finance,53 8th Terrace
ProQR Therapeutics N.V.,Major Pharmaceuticals,NASDAQ,Health Care,14 Vera Pass
Manitowoc Company, Inc. (The),Construction/Ag Equipment/Trucks,NYSE,Capital Goods,2 Springview Pass
Francesca s Holdings Corporation,Clothing/Shoe/Accessory Stores,NASDAQ,Consumer Services,8639 Morrow Alley
Ringcentral, Inc.,EDP Services,NYSE,Technology,4363 Hooker Center
TCP Capital Corp.,n/a,NASDAQ,n/a,390 Fieldstone Crossing
The AES Corporation,n/a,NYSE,n/a,06 Northview Alley
First Trust Developed Markets ex-US Small Cap AlphaDEX Fund,n/a,NASDAQ,n/a,7 Cardinal Street
Fred s, Inc.,Department/Specialty Retail Stores,NASDAQ,Consumer Services,06041 Crowley Circle
Vina Concha Y Toro,Beverages (Production/Distribution),NYSE,Consumer Non-Durables,83424 Del Sol Crossing
Delek Logistics Partners, L.P.,Natural Gas Distribution,NYSE,Energy,90760 Sycamore Circle
Enbridge Inc,Natural Gas Distribution,NYSE,Energy,62 Fordem Way
Tabula Rasa HealthCare, Inc.,Business Services,NASDAQ,Miscellaneous,7343 Iowa Hill
Art s-Way Manufacturing Co., Inc.,Industrial Machinery/Components,NASDAQ,Capital Goods,67228 Merry Circle
Nustar Energy L.P.,n/a,NYSE,n/a,31902 Little Fleur Hill
Harsco Corporation,Metal Fabrications,NYSE,Capital Goods,619 Anhalt Point
FlexShares STOXX Global ESG Impact Index Fund,n/a,NASDAQ,n/a,77536 Rockefeller Terrace
Shopify Inc.,Computer Software: Prepackaged Software,NYSE,Technology,69482 Rusk Alley
ICON plc,Biotechnology: Commercial Physical & Biological Resarch,NASDAQ,Health Care,33 Westport Way
Martin Midstream Partners L.P.,Oil Refining/Marketing,NASDAQ,Energy,94387 Mariners Cove Junction
Fabrinet,Telecommunications Equipment,NYSE,Public Utilities,845 Coolidge Avenue
Royal Gold, Inc.,Precious Metals,NASDAQ,Basic Industries,57 Milwaukee Point
SAExploration Holdings, Inc.,Oil & Gas Production,NASDAQ,Energy,9 Welch Place
Community Trust Bancorp, Inc.,Major Banks,NASDAQ,Finance,607 Summit Crossing
Extreme Networks, Inc.,Computer Communications Equipment,NASDAQ,Technology,8563 Holy Cross Plaza
Scotts Miracle-Gro Company (The),Agricultural Chemicals,NYSE,Basic Industries,340 Comanche Alley
Titan International, Inc.,Steel/Iron Ore,NYSE,Basic Industries,62 Porter Pass
Newtek Business Services Corp.,n/a,NASDAQ,n/a,1 Briar Crest Avenue
Waste Connections, Inc.,Environmental Services,NYSE,Public Utilities,8237 Holmberg Circle
Everi Holdings Inc.,Finance: Consumer Services,NYSE,Finance,87013 Dawn Parkway
Lehman ABS Corporation,Finance: Consumer Services,NYSE,Finance,49 Goodland Road
Covanta Holding Corporation,Electric Utilities: Central,NYSE,Basic Industries,6527 Wayridge Junction
China Lending Corporation,Diversified Financial Services,NASDAQ,Finance,59 Mosinee Place
Artisan Partners Asset Management Inc.,Investment Managers,NYSE,Finance,6967 Meadow Valley Avenue
MidSouth Bancorp,Major Banks,NYSE,Finance,491 Gateway Plaza
Escalade, Incorporated,Recreational Products/Toys,NASDAQ,Consumer Non-Durables,4 Dennis Park
SB Financial Group, Inc.,Major Banks,NASDAQ,Finance,9 Anthes Street
PowerShares S&P SmallCap Utilities Portfolio,n/a,NASDAQ,n/a,8303 Westerfield Way
Wells Fargo & Company,n/a,NYSE,n/a,2 Logan Terrace
Vornado Realty Trust,n/a,NYSE,n/a,1 Duke Trail
Stewart Information Services Corporation,Specialty Insurers,NYSE,Finance,065 Menomonie Point
Eltek Ltd.,Electrical Products,NASDAQ,Technology,62902 Reindahl Hill
JMP Group LLC,Investment Bankers/Brokers/Service,NYSE,Finance,404 Donald Court
Proofpoint, Inc.,EDP Services,NASDAQ,Technology,7907 Spohn Point
Diana Containerships Inc.,Marine Transportation,NASDAQ,Transportation,93781 Vernon Terrace
DoubleLine Income Solutions Fund,n/a,NYSE,n/a,1162 Buell Alley
Discovery Communications, Inc.,Television Services,NASDAQ,Consumer Services,26 Orin Alley
United Microelectronics Corporation,Semiconductors,NYSE,Technology,07 North Place
Motorcar Parts of America, Inc.,Auto Parts:O.E.M.,NASDAQ,Capital Goods,2055 Gateway Junction
Landstar System, Inc.,Trucking Freight/Courier Services,NASDAQ,Transportation,32772 Katie Alley
Huron Consulting Group Inc.,Professional Services,NASDAQ,Consumer Services,31 Myrtle Place
Campbell Soup Company,Packaged Foods,NYSE,Consumer Non-Durables,408 Mariners Cove Hill
The Gabelli Healthcare & Wellness Trust,n/a,NYSE,n/a,362 New Castle Lane
Calamos Strategic Total Return Fund,n/a,NASDAQ,n/a,54 Shoshone Crossing
America First Multifamily Investors, L.P.,Finance: Consumer Services,NASDAQ,Finance,86 8th Terrace
Abeona Therapeutics Inc.,Major Pharmaceuticals,NASDAQ,Health Care,82392 Chinook Park
Legg Mason Developed EX-US Diversified Core ETF,n/a,NASDAQ,n/a,0078 Havey Pass
General Finance Corporation,Diversified Commercial Services,NASDAQ,Technology,1066 Dryden Junction
Primoris Services Corporation,Water Supply,NASDAQ,Basic Industries,55384 Corry Terrace
Phibro Animal Health Corporation,Major Pharmaceuticals,NASDAQ,Health Care,914 Eastlawn Crossing
Unilever PLC,Package Goods/Cosmetics,NYSE,Basic Industries,8 Harbort Hill
Cotiviti Holdings, Inc.,Business Services,NYSE,Miscellaneous,63527 Coleman Street
Envestnet, Inc,Business Services,NYSE,Miscellaneous,259 Butterfield Plaza
Vanguard Long-Term Corporate Bond ETF,n/a,NASDAQ,n/a,994 Stuart Road
Rollins, Inc.,Diversified Commercial Services,NYSE,Finance,9656 Cardinal Circle
Soleno Therapeutics, Inc.,Biotechnology: Electromedical & Electrotherapeutic Apparatus,NASDAQ,Health Care,917 Straubel Terrace
ASV Holdings, Inc.,Construction/Ag Equipment/Trucks,NASDAQ,Capital Goods,2 Shopko Terrace
CF Industries Holdings, Inc.,Agricultural Chemicals,NYSE,Basic Industries,9060 Hansons Street
Transcontinental Realty Investors, Inc.,Real Estate Investment Trusts,NYSE,Consumer Services,568 Union Crossing
EXCO Resources NL,Oil & Gas Production,NYSE,Energy,061 Rusk Point
Mobile TeleSystems OJSC,Telecommunications Equipment,NYSE,Public Utilities,7 La Follette Crossing
Alteryx, Inc.,Computer Software: Prepackaged Software,NYSE,Technology,98215 Evergreen Point
Steelcase Inc.,Office Equipment/Supplies/Services,NYSE,Consumer Durables,931 Vidon Trail
Nautilus Group, Inc. (The),Recreational Products/Toys,NYSE,Consumer Non-Durables,004 Farwell Center
Citigroup Inc.,Major Banks,NYSE,Finance,79 Stone Corner Hill
Arbor Realty Trust,n/a,NYSE,n/a,6985 1st Alley
Welltower Inc.,Real Estate Investment Trusts,NYSE,Consumer Services,9460 7th Hill
Forum Merger Corporation,Business Services,NASDAQ,Finance,80673 Shelley Trail
Sorrento Therapeutics, Inc.,Biotechnology: Commercial Physical & Biological Resarch,NASDAQ,Health Care,466 Lerdahl Park
VictoryShares US Discovery Enhanced Volatility Wtd ETF,n/a,NASDAQ,n/a,5333 Oxford Crossing
Southwest Bancorp, Inc.,Major Banks,NASDAQ,Finance,035 Vahlen Circle
Bloomin  Brands, Inc.,Restaurants,NASDAQ,Consumer Services,1058 Anthes Crossing
Qualys, Inc.,Computer Software: Prepackaged Software,NASDAQ,Technology,6206 Vernon Trail
Landmark Infrastructure Partners LP,Real Estate,NASDAQ,Consumer Services,843 Ronald Regan Place
Preferred Bank,n/a,NASDAQ,n/a,55627 Forest Way
Commerce Union Bancshares, Inc.,n/a,NASDAQ,n/a,803 Oak Court
L Brands, Inc.,Clothing/Shoe/Accessory Stores,NYSE,Consumer Services,0 Longview Junction
IDT Corporation,Telecommunications Equipment,NYSE,Public Utilities,31 Butterfield Way
China Recycling Energy Corporation,Business Services,NASDAQ,Miscellaneous,931 Monica Court
Marathon Oil Corporation,Oil & Gas Production,NYSE,Energy,04747 Portage Street
Alphabet Inc.,Computer Software: Programming, Data Processing,NASDAQ,Technology,470 Linden Way
Builders FirstSource, Inc.,RETAIL: Building Materials,NASDAQ,Consumer Services,97066 Messerschmidt Plaza
Arlington Asset Investment Corp,Finance/Investors Services,NYSE,Finance,865 Scott Alley
Moleculin Biotech, Inc.,Major Pharmaceuticals,NASDAQ,Health Care,4 Northfield Place
Alnylam Pharmaceuticals, Inc.,Major Pharmaceuticals,NASDAQ,Health Care,45384 Declaration Trail
Pharmerica Corporation,Medical/Nursing Services,NYSE,Health Care,889 Meadow Vale Circle
Zhaopin Limited,Professional Services,NYSE,Technology,306 Russell Hill
Community Bankers Trust Corporation.,Major Banks,NASDAQ,Finance,9 Nevada Point
Nuveen NASDAQ 100 Dynamic Overwrite Fund,n/a,NASDAQ,n/a,91298 Debs Court
TriState Capital Holdings, Inc.,Major Banks,NASDAQ,Finance,04046 4th Crossing
NewStar Financial, Inc.,Finance: Consumer Services,NASDAQ,Finance,99114 Schmedeman Way
Datawatch Corporation,Computer Software: Prepackaged Software,NASDAQ,Technology,38961 Lawn Parkway
SigmaTron International, Inc.,Electrical Products,NASDAQ,Technology,06 Browning Lane
KKR Real Estate Finance Trust Inc.,Real Estate Investment Trusts,NYSE,Consumer Services,486 Longview Place
Immune Pharmaceuticals Inc.,Major Pharmaceuticals,NASDAQ,Health Care,21 Mallard Parkway
PowerShares Golden Dragon China Portfolio,n/a,NASDAQ,n/a,890 Pepper Wood Street
Mattel, Inc.,Recreational Products/Toys,NASDAQ,Consumer Non-Durables,85 Spohn Point
PrivateBancorp, Inc.,Major Banks,NASDAQ,Finance,4387 Butternut Parkway
Wells Fargo & Company,Major Banks,NYSE,Finance,3 Hagan Terrace
Timken Steel Corporation,Steel/Iron Ore,NYSE,Basic Industries,0 Charing Cross Place
First BanCorp.,Major Banks,NYSE,Finance,23 Merchant Avenue
ClearBridge Large Cap Growth ESG ETF,n/a,NASDAQ,n/a,9802 Mcguire Court
Concurrent Computer Corporation,Computer Manufacturing,NASDAQ,Technology,30 Summerview Trail
PIMCO Strategic Income Fund, Inc.,n/a,NYSE,n/a,7578 Warrior Drive
Houlihan Lokey, Inc.,Investment Managers,NYSE,Finance,8632 Sloan Avenue
First Trust NASDAQ-100 Ex-Technology Sector Index Fund,n/a,NASDAQ,n/a,52657 1st Avenue
Hydrogenics Corporation,Major Chemicals,NASDAQ,Basic Industries,47 Westerfield Junction
Olin Corporation,Major Chemicals,NYSE,Basic Industries,72475 Park Meadow Parkway
Royal Bank Scotland plc (The),n/a,NYSE,n/a,536 Paget Circle
Athene Holding Ltd.,Life Insurance,NYSE,Finance,8 Paget Avenue
Neos Therapeutics, Inc.,Major Pharmaceuticals,NASDAQ,Health Care,577 Nelson Court
Sprouts Farmers Market, Inc.,Food Chains,NASDAQ,Consumer Services,2473 Monterey Way
Ionis Pharmaceuticals, Inc.,Major Pharmaceuticals,NASDAQ,Health Care,26 Fremont Plaza
Wecast Network, Inc.,Television Services,NASDAQ,Consumer Services,77240 Swallow Junction
Banco Latinoamericano de Comercio Exterior, S.A.,Commercial Banks,NYSE,Finance,43 Hoffman Court
TCF Financial Corporation,n/a,NYSE,n/a,69640 Sherman Crossing
Wal-Mart Stores, Inc.,Department/Specialty Retail Stores,NYSE,Consumer Services,8 Swallow Street
Grupo Televisa S.A.,Broadcasting,NYSE,Consumer Services,9103 Reinke Park
iShares MSCI USA ESG Optimized ETF,n/a,NASDAQ,n/a,56 Roxbury Pass
Wingstop Inc.,Restaurants,NASDAQ,Consumer Services,7510 Corben Alley
First Trust NASDAQ Clean Edge Smart Grid Infrastructure Index ,n/a,NASDAQ,n/a,5 Ohio Way
Grupo Aval Acciones y Valores S.A.,Commercial Banks,NYSE,Finance,3710 Farragut Place
EchoStar Corporation,Radio And Television Broadcasting And Communications Equipment,NASDAQ,Technology,2081 Clemons Street
LaSalle Hotel Properties,n/a,NYSE,n/a,172 Dahle Junction
Main Street Capital Corporation,n/a,NYSE,n/a,7 Bowman Place
Bridgford Foods Corporation,Specialty Foods,NASDAQ,Consumer Non-Durables,1779 New Castle Road
Nustar Energy L.P.,n/a,NYSE,n/a,80729 Di Loreto Court
PowerShares Variable Rate Investment Grade Portfolio,n/a,NASDAQ,n/a,6 Morningstar Avenue
Petrobras Argentina S.A.,Oil & Gas Production,NYSE,Energy,98716 Sherman Place
Blackrock MuniYield California Insured Fund, Inc.,n/a,NYSE,n/a,62391 Havey Lane
Invacare Corporation,Industrial Specialties,NYSE,Health Care,1 Bunker Hill Lane
PTC Therapeutics, Inc.,Major Pharmaceuticals,NASDAQ,Health Care,535 Evergreen Pass
Wells Fargo & Company,n/a,NYSE,n/a,954 Charing Cross Point
Corvus Pharmaceuticals, Inc.,Major Pharmaceuticals,NASDAQ,Health Care,19111 Morrow Street
Voya International High Dividend Equity Income Fund,n/a,NYSE,n/a,6 Raven Trail
IQ Chaikin U.S. Small Cap ETF,n/a,NASDAQ,n/a,4 Trailsway Road
OncoMed Pharmaceuticals, Inc.,Major Pharmaceuticals,NASDAQ,Health Care,0 Hoard Terrace
Kopin Corporation,Semiconductors,NASDAQ,Technology,3161 Charing Cross Lane
CombiMatrix Corporation,Hospital/Nursing Management,NASDAQ,Health Care,256 Jay Circle
AzurRx BioPharma, Inc.,n/a,NASDAQ,n/a,94 Independence Trail
Shenandoah Telecommunications Co,Telecommunications Equipment,NASDAQ,Public Utilities,80 David Alley
Array BioPharma Inc.,Major Pharmaceuticals,NASDAQ,Health Care,7 Banding Parkway
Rudolph Technologies, Inc.,Industrial Machinery/Components,NYSE,Capital Goods,1302 Comanche Terrace
CenturyLink, Inc.,Telecommunications Equipment,NYSE,Public Utilities,768 Manufacturers Point
Rexford Industrial Realty, Inc.,n/a,NYSE,n/a,5183 Hudson Plaza
Shutterstock, Inc.,EDP Services,NYSE,Technology,94 Eliot Crossing
Regeneron Pharmaceuticals, Inc.,Major Pharmaceuticals,NASDAQ,Health Care,32100 Del Sol Crossing
FIRST REPUBLIC BANK,n/a,NYSE,n/a,94 Debs Parkway
Boyd Gaming Corporation,Hotels/Resorts,NYSE,Consumer Services,90 Meadow Valley Junction
Public Storage,n/a,NYSE,n/a,890 Walton Circle
Pembina Pipeline Corp.,Oil & Gas Production,NYSE,Energy,01 Eagle Crest Crossing
Johnson Outdoors Inc.,Recreational Products/Toys,NASDAQ,Consumer Non-Durables,3 Hoepker Avenue
Versum Materials, Inc.,Major Chemicals,NYSE,Basic Industries,6 School Alley
First Trust Nasdaq Pharmaceuticals ETF,n/a,NASDAQ,n/a,566 Melvin Terrace
Prudential Public Limited Company,n/a,NYSE,n/a,35312 Delaware Junction
Legacy Reserves LP,Oil & Gas Production,NASDAQ,Energy,97 Dapin Lane
Verint Systems Inc.,EDP Services,NASDAQ,Technology,742 Vermont Point
CenturyLink, Inc.,Telecommunications Equipment,NYSE,Public Utilities,09 Delladonna Court
Vanguard Long-Term Corporate Bond ETF,n/a,NASDAQ,n/a,6821 Sommers Avenue
Oasis Petroleum Inc.,Oil & Gas Production,NYSE,Energy,2 Nelson Point
Attunity Ltd.,Computer Software: Prepackaged Software,NASDAQ,Technology,17 Starling Terrace
Wells Fargo Global Dividend Opportunity Fund,n/a,NYSE,n/a,9 New Castle Junction
F5 Networks, Inc.,Computer Communications Equipment,NASDAQ,Technology,41329 Moulton Trail
John Wiley & Sons, Inc.,n/a,NYSE,n/a,4842 Del Sol Way
Dominion Energy, Inc.,Electric Utilities: Central,NYSE,Public Utilities,1446 Lukken Plaza
Dupont Fabros Technology, Inc.,n/a,NYSE,n/a,70752 Sommers Terrace
Huntsman Corporation,Major Chemicals,NYSE,Basic Industries,06561 Anzinger Crossing
MoSys, Inc.,Semiconductors,NASDAQ,Technology,266 Tony Way
Navios Maritime Holdings Inc.,n/a,NYSE,n/a,1 Waubesa Way
First Cash, Inc.,Other Specialty Stores,NYSE,Consumer Services,62 Service Crossing
Royal Bank Of Canada,n/a,NYSE,n/a,0341 Drewry Street
Citigroup Inc.,Major Banks,NYSE,Finance,071 Vernon Place
ClearOne, Inc.,Telecommunications Equipment,NASDAQ,Public Utilities,0633 Weeping Birch Junction
First Trust RBA Quality Income ETF,n/a,NASDAQ,n/a,76 Oxford Pass
Fluor Corporation,Military/Government/Technical,NYSE,Basic Industries,374 Annamark Plaza
Owens & Minor, Inc.,Medical Specialities,NYSE,Health Care,51 Daystar Avenue
TEGNA Inc.,Newspapers/Magazines,NYSE,Consumer Services,41 Bowman Avenue
Blackrock Health Sciences Trust,n/a,NYSE,n/a,58 Grover Plaza
Urstadt Biddle Properties Inc.,Real Estate Investment Trusts,NYSE,Consumer Services,34 Grim Hill
Concord Medical Services Holdings Limited,Medical/Nursing Services,NYSE,Health Care,46 Merrick Junction
1347 Property Insurance Holdings, Inc.,Property-Casualty Insurers,NASDAQ,Finance,7 Arrowood Plaza
Ita? CorpBanca,Major Banks,NYSE,Finance,8 Moulton Terrace
ABB Ltd,Electrical Products,NYSE,Consumer Durables,841 Briar Crest Plaza
Alliance Data Systems Corporation,Business Services,NYSE,Miscellaneous,9405 Debs Park
Gabelli Convertible and Income Securities Fund, Inc. (The),n/a,NYSE,n/a,19095 Lakewood Gardens Center
Lazard World Dividend & Income Fund, Inc.,n/a,NYSE,n/a,8812 Graceland Crossing
Hewlett Packard Enterprise Company,Computer Manufacturing,NYSE,Technology,4 Elka Park
Highland Funds I,n/a,NYSE,n/a,64205 Westport Center
Invesco Trust  for Investment Grade New York Municipal,n/a,NYSE,n/a,545 Eagle Crest Parkway
AbbVie Inc.,Major Pharmaceuticals,NYSE,Health Care,7068 Montana Hill
State Street Corporation,n/a,NYSE,n/a,6734 Sloan Circle
RLJ Entertainment, Inc.,Movies/Entertainment,NASDAQ,Consumer Services,8290 Dapin Court
Nuveen Arizona Quality Municipal Income Fund,n/a,NYSE,n/a,0790 Bunting Road
Actua Corporation,EDP Services,NASDAQ,Technology,48 8th Parkway
Kimball International, Inc.,Home Furnishings,NASDAQ,Consumer Durables,5526 Carioca Junction
Alexander & Baldwin Holdings, Inc.,Real Estate,NYSE,Finance,51 Mayer Way
XG Technology, Inc,Telecommunications Equipment,NASDAQ,Consumer Durables,0 Sullivan Pass
ITT Inc.,Fluid Controls,NYSE,Capital Goods,99288 Killdeer Hill
TELUS Corporation,Telecommunications Equipment,NYSE,Public Utilities,47 Arrowood Court
TFS Financial Corporation,Savings Institutions,NASDAQ,Finance,3 Mosinee Center
Blue Hills Bancorp, Inc.,Major Banks,NASDAQ,Finance,6345 Carioca Road
Brady Corporation,Miscellaneous manufacturing industries,NYSE,Consumer Durables,33087 Hazelcrest Center
W&T Offshore, Inc.,Oil & Gas Production,NYSE,Energy,0 Clemons Park
Nordson Corporation,Industrial Machinery/Components,NASDAQ,Capital Goods,9868 Warbler Pass
Canadian Solar Inc.,Semiconductors,NASDAQ,Technology,348 Farragut Plaza
Medidata Solutions, Inc.,Computer Software: Prepackaged Software,NASDAQ,Technology,86786 Autumn Leaf Trail
BlackRock Municipal Target Term Trust Inc. (The),n/a,NYSE,n/a,90647 Debs Crossing
MIDSTATES PETROLEUM COMPANY, INC.,Oil & Gas Production,NYSE,Energy,77 Aberg Crossing
PS Business Parks, Inc.,n/a,NYSE,n/a,7 Merrick Plaza
Gencor Industries Inc.,Construction/Ag Equipment/Trucks,NASDAQ,Capital Goods,0256 Nelson Court
KKR Financial Holdings LLC,n/a,NYSE,n/a,85 Lindbergh Pass
Madison Covered Call & Equity Strategy Fund,n/a,NYSE,n/a,00107 Stuart Point
Orbital ATK, Inc.,Military/Government/Technical,NYSE,Capital Goods,6 Sunnyside Center
Castlight Health, inc.,EDP Services,NYSE,Technology,3 Forest Dale Road
Oritani Financial Corp.,Major Banks,NASDAQ,Finance,32914 Carey Pass
Karyopharm Therapeutics Inc.,Major Pharmaceuticals,NASDAQ,Health Care,09348 Doe Crossing Plaza
Canterbury Park Holding Corporation,Services-Misc. Amusement & Recreation,NASDAQ,Consumer Services,849 Melrose Parkway
Ardagh Group S.A.,Containers/Packaging,NYSE,Consumer Durables,9605 Charing Cross Avenue
Virtus Total Return Fund Inc.,n/a,NYSE,n/a,7274 Hermina Avenue
Yum China Holdings, Inc.,Restaurants,NYSE,Consumer Services,5 5th Circle
Harvest Capital Credit Corporation,n/a,NASDAQ,n/a,7175 Mandrake Street
Global Payments Inc.,Business Services,NYSE,Miscellaneous,287 Sunfield Center
East West Bancorp, Inc.,Major Banks,NASDAQ,Finance,953 Pierstorff Trail
Intelsat S.A.,Telecommunications Equipment,NYSE,Consumer Services,485 Russell Pass
Southwestern Energy Company,Oil & Gas Production,NYSE,Energy,257 8th Road
Axis Capital Holdings Limited,Property-Casualty Insurers,NYSE,Finance,14 Talmadge Park
The Goodyear Tire & Rubber Company,Automotive Aftermarket,NASDAQ,Consumer Durables,37566 Commercial Alley
Prudential Public Limited Company,Life Insurance,NYSE,Finance,3 Judy Junction
BB&T Corporation,Major Banks,NYSE,Finance,9 Stang Court
Panera Bread Company,Restaurants,NASDAQ,Consumer Services,998 Toban Lane
Tabula Rasa HealthCare, Inc.,Business Services,NASDAQ,Miscellaneous,1645 Scoville Avenue
Tallgrass Energy Partners, LP,Natural Gas Distribution,NYSE,Public Utilities,58271 Crowley Avenue
Putnam Municipal Opportunities Trust,n/a,NYSE,n/a,856 Canary Street
TCP Capital Corp.,n/a,NASDAQ,n/a,67539 Mitchell Parkway
DWS High Income Opportunities Fund, Inc.,n/a,NYSE,n/a,1 Clarendon Plaza
Flagstar Bancorp, Inc.,Savings Institutions,NYSE,Finance,417 Brickson Park Place
Proteon Therapeutics, Inc.,Biotechnology: Biological Products (No Diagnostic Substances),NASDAQ,Health Care,6855 Menomonie Plaza
Intercept Pharmaceuticals, Inc.,Major Pharmaceuticals,NASDAQ,Health Care,4 Killdeer Center
Chimerix, Inc.,Major Pharmaceuticals,NASDAQ,Health Care,11 Killdeer Pass
Guggenheim Strategic Opportunities Fund,n/a,NYSE,n/a,91398 Doe Crossing Way
MetLife, Inc.,n/a,NYSE,n/a,5779 Lien Center
Diamond Hill Investment Group, Inc.,Investment Managers,NASDAQ,Finance,4 Kedzie Way
SVB Financial Group,Major Banks,NASDAQ,Finance,42 Merrick Pass
Teekay LNG Partners L.P.,n/a,NYSE,n/a,8 Hoard Drive
Scorpio Bulkers Inc.,Marine Transportation,NYSE,Transportation,16165 International Plaza
TFS Financial Corporation,Savings Institutions,NASDAQ,Finance,250 Moose Hill
MaxPoint Interactive, Inc.,Advertising,NASDAQ,Consumer Services,014 Meadow Valley Lane
Giga-tronics Incorporated,Electrical Products,NASDAQ,Capital Goods,1 Bellgrove Street
Eaton Vance Enhance Equity Income Fund,n/a,NYSE,n/a,763 Eagan Parkway
Orbital ATK, Inc.,Military/Government/Technical,NYSE,Capital Goods,6958 Gateway Drive
Marten Transport, Ltd.,Trucking Freight/Courier Services,NASDAQ,Transportation,894 Summer Ridge Alley
Bridgford Foods Corporation,Specialty Foods,NASDAQ,Consumer Non-Durables,99 Golf Avenue
CRISPR Therapeutics AG,Biotechnology: Biological Products (No Diagnostic Substances),NASDAQ,Health Care,71861 Pierstorff Road
National Instruments Corporation,Computer Software: Prepackaged Software,NASDAQ,Technology,20 Crowley Lane
Kemper Corporation,Property-Casualty Insurers,NYSE,Finance,1863 Bartillon Court
Capstone Turbine Corporation,Industrial Machinery/Components,NASDAQ,Energy,465 John Wall Terrace
Security National Financial Corporation,Finance: Consumer Services,NASDAQ,Finance,34 Amoth Pass
Southern Missouri Bancorp, Inc.,Banks,NASDAQ,Finance,70 Mockingbird Circle
Big 5 Sporting Goods Corporation,Other Specialty Stores,NASDAQ,Consumer Services,5 Hoffman Crossing
Unilever NV,Package Goods/Cosmetics,NYSE,Basic Industries,2234 Walton Avenue
PowerShares Dividend Achievers Portfolio,n/a,NASDAQ,n/a,583 Melody Street
ITT Inc.,Fluid Controls,NYSE,Capital Goods,8223 Little Fleur Terrace
PennyMac Mortgage Investment Trust,Real Estate Investment Trusts,NYSE,Consumer Services,8111 Monterey Way
IES Holdings, Inc.,Engineering & Construction,NASDAQ,Capital Goods,21541 Columbus Parkway
National General Holdings Corp,Property-Casualty Insurers,NASDAQ,Finance,52276 Ludington Junction
National Commerce Corporation,Major Banks,NASDAQ,Finance,9335 Almo Lane
Tandem Diabetes Care, Inc.,Medical/Dental Instruments,NASDAQ,Health Care,84133 Karstens Plaza
Malvern Bancorp, Inc.,Banks,NASDAQ,Finance,16001 Pepper Wood Point
Marine Products Corporation,Marine Transportation,NYSE,Capital Goods,6 Moulton Hill
SK Telecom Co., Ltd.,Telecommunications Equipment,NYSE,Public Utilities,20 Kensington Center
ProPhase Labs, Inc.,Major Pharmaceuticals,NASDAQ,Health Care,945 Maple Center
VEON Ltd.,Telecommunications Equipment,NASDAQ,Public Utilities,3 Dawn Point
Central Federal Corporation,Savings Institutions,NASDAQ,Finance,9 Orin Junction
NOW Inc.,Metal Fabrications,NYSE,Energy,6 Duke Parkway
Alon USA Partners, LP,Integrated oil Companies,NYSE,Energy,17 Commercial Parkway
Formula Systems (1985) Ltd.,EDP Services,NASDAQ,Technology,34 Talisman Trail
SigmaTron International, Inc.,Electrical Products,NASDAQ,Technology,3523 Golf View Junction
Blackstone / GSO Strategic Credit Fund,n/a,NYSE,n/a,55998 Kipling Terrace
PLDT Inc.,Telecommunications Equipment,NYSE,Public Utilities,15 Westend Terrace
Vascular Biogenics Ltd.,Major Pharmaceuticals,NASDAQ,Health Care,5485 Moulton Pass
Systemax Inc.,Catalog/Specialty Distribution,NYSE,Consumer Services,4720 Jana Terrace
Customers Bancorp, Inc,Major Banks,NYSE,Finance,742 Johnson Parkway
Extraction Oil & Gas, Inc.,Oil & Gas Production,NASDAQ,Energy,4 Anniversary Avenue
NuStar Logistics, L.P.,Natural Gas Distribution,NYSE,Energy,53258 American Ash Road
Bridgeline Digital, Inc.,Computer Software: Prepackaged Software,NASDAQ,Technology,96738 Mccormick Place
KCAP Financial, Inc.,n/a,NASDAQ,n/a,8 Coolidge Junction
EV Energy Partners, L.P.,Oil & Gas Production,NASDAQ,Energy,4 Fieldstone Pass
Rice Energy Inc.,Oil & Gas Production,NYSE,Energy,2 Superior Crossing
Nuveen Insured New York Select Tax-Free Income Portfolio,n/a,NYSE,n/a,59 Melrose Drive
Ohr Pharmaceuticals, Inc.,Major Pharmaceuticals,NASDAQ,Health Care,6913 Walton Junction
Sun Bancorp, Inc.,Commercial Banks,NASDAQ,Finance,7 Scott Junction
Extreme Networks, Inc.,Computer Communications Equipment,NASDAQ,Technology,28780 Corscot Court
Vonage Holdings Corp.,Telecommunications Equipment,NYSE,Public Utilities,789 David Lane
Franklin Electric Co., Inc.,Metal Fabrications,NASDAQ,Consumer Durables,57 Kennedy Park
First Majestic Silver Corp.,Precious Metals,NYSE,Basic Industries,961 Clyde Gallagher Court
AmerisourceBergen Corporation (Holding Co),Other Pharmaceuticals,NYSE,Health Care,390 Rieder Plaza
Grifols, S.A.,Major Pharmaceuticals,NASDAQ,Health Care,54 Amoth Point
Sky Solar Holdings, Ltd.,Electric Utilities: Central,NASDAQ,Public Utilities,29 Karstens Alley
HealthSouth Corporation,Hospital/Nursing Management,NYSE,Health Care,811 Butternut Way
Seanergy Maritime Holdings Corp,Marine Transportation,NASDAQ,Transportation,0 Bluestem Center
Unilever PLC,Package Goods/Cosmetics,NYSE,Basic Industries,94018 Carey Road
Vanguard Russell 1000 ETF,n/a,NASDAQ,n/a,18 Mcguire Alley
Connecture, Inc.,Computer Software: Prepackaged Software,NASDAQ,Technology,32274 Spaight Trail
The Hanover Insurance Group, Inc.,Property-Casualty Insurers,NYSE,Finance,4062 Lakewood Lane
II-VI Incorporated,Electronic Components,NASDAQ,Capital Goods,922 Kennedy Court
Tech Data Corporation,Retail: Computer Software & Peripheral Equipment,NASDAQ,Technology,4 Hanson Crossing
IPG Photonics Corporation,Semiconductors,NASDAQ,Technology,4 Annamark Center
First Trust Germany AlphaDEX Fund,n/a,NASDAQ,n/a,7571 Brickson Park Lane
Nautilus Group, Inc. (The),Recreational Products/Toys,NYSE,Consumer Non-Durables,9807 Vidon Park
Calithera Biosciences, Inc.,Major Pharmaceuticals,NASDAQ,Health Care,514 Dakota Pass
Vantage Energy Acquisition Corp.,Business Services,NASDAQ,Finance,6581 Pond Junction
Portland General Electric Company,Electric Utilities: Central,NYSE,Public Utilities,1927 Veith Avenue
CPFL Energia S.A.,Electric Utilities: Central,NYSE,Public Utilities,80 Prentice Plaza
Churchill Downs, Incorporated,Services-Misc. Amusement & Recreation,NASDAQ,Consumer Services,258 Jenifer Hill
Dreyfus High Yield Strategies Fund,n/a,NYSE,n/a,45145 Esch Street
TransUnion,Finance: Consumer Services,NYSE,Finance,6110 Farmco Center
Israel Chemicals Shs,Agricultural Chemicals,NYSE,Basic Industries,95707 Northland Drive
RadNet, Inc.,Medical Specialities,NASDAQ,Health Care,23225 Green Ridge Way
Willis Lease Finance Corporation,Industrial Specialties,NASDAQ,Consumer Durables,16 Holy Cross Drive
James River Group Holdings, Ltd.,Property-Casualty Insurers,NASDAQ,Finance,11044 Dwight Pass
Capstone Turbine Corporation,Industrial Machinery/Components,NASDAQ,Energy,29180 Caliangt Way
Telephone and Data Systems, Inc.,Telecommunications Equipment,NYSE,Public Utilities,88447 Brentwood Pass
Medley Capital Corporation,n/a,NYSE,n/a,5050 Emmet Road
Barracuda Networks, Inc.,Computer peripheral equipment,NYSE,Technology,19 Tennessee Avenue
Morgan Stanley,n/a,NYSE,n/a,87 Mayfield Plaza
Accelerate Diagnostics, Inc.,Biotechnology: Laboratory Analytical Instruments,NASDAQ,Capital Goods,48 Cambridge Circle
WisdomTree Strategic Corporate Bond Fund,n/a,NASDAQ,n/a,1 Anderson Crossing
Oxbridge Re Holdings Limited,Property-Casualty Insurers,NASDAQ,Finance,93 Oakridge Trail
Carolina Trust BancShares, Inc.,Major Banks,NASDAQ,Finance,1 Quincy Plaza
Cloudera, Inc.,Computer Software: Prepackaged Software,NYSE,Technology,325 Schlimgen Avenue
Pioneer Municipal High Income Trust,n/a,NYSE,n/a,38692 Waubesa Trail
ClearBridge All Cap Growth ETF,n/a,NASDAQ,n/a,0709 Sachtjen Park
VeriSign, Inc.,EDP Services,NASDAQ,Technology,163 Emmet Drive
Pimco Municipal Income Fund II,n/a,NYSE,n/a,3 Lyons Park
National General Holdings Corp,Property-Casualty Insurers,NASDAQ,Finance,0283 Milwaukee Trail
Oasmia Pharmaceutical AB,Major Pharmaceuticals,NASDAQ,Health Care,590 Claremont Parkway
McGrath RentCorp,Diversified Commercial Services,NASDAQ,Technology,76484 Holy Cross Place
New Media Investment Group Inc.,Newspapers/Magazines,NYSE,Consumer Services,1994 Miller Trail
Ultralife Corporation,Industrial Machinery/Components,NASDAQ,Miscellaneous,07148 Graceland Point
JinkoSolar Holding Company Limited,Semiconductors,NYSE,Technology,75624 West Plaza
Kinsale Capital Group, Inc.,Property-Casualty Insurers,NASDAQ,Finance,5538 Eagle Crest Drive
21Vianet Group, Inc.,Computer Software: Programming, Data Processing,NASDAQ,Technology,5373 Montana Alley
Southern California Edison Company,n/a,NYSE,n/a,2 Kings Parkway
AquaBounty Technologies, Inc.,n/a,NASDAQ,n/a,57 Aberg Place
State Auto Financial Corporation,Property-Casualty Insurers,NASDAQ,Finance,24 Division Way
Flaherty & Crumrine Preferred Income Opportunity Fund Inc,n/a,NYSE,n/a,92 Dexter Pass
Blackrock Enhanced Equity Dividend Trust,n/a,NYSE,n/a,40 Doe Crossing Place
Valero Energy Partners LP,Natural Gas Distribution,NYSE,Energy,467 Saint Paul Trail
Eaton Vance NextShares Trust,n/a,NASDAQ,n/a,80 Monterey Trail
Northern Technologies International Corporation,Industrial Specialties,NASDAQ,Capital Goods,88 Ronald Regan Point
Paramount Group, Inc.,Real Estate Investment Trusts,NYSE,Consumer Services,05 Novick Junction
AGNC Investment Corp.,Real Estate Investment Trusts,NASDAQ,Consumer Services,7 Meadow Valley Way
Abraxas Petroleum Corporation,Oil & Gas Production,NASDAQ,Energy,93 Service Point
TripAdvisor, Inc.,Computer Software: Programming, Data Processing,NASDAQ,Technology,29 Esch Park
Matson, Inc.,Marine Transportation,NYSE,Consumer Services,707 Briar Crest Court
CRH PLC,Building Materials,NYSE,Capital Goods,02561 Cherokee Terrace
Mid-Con Energy Partners, LP,Oil & Gas Production,NASDAQ,Energy,1170 Brown Road
Edison International,Electric Utilities: Central,NYSE,Public Utilities,458 Rutledge Drive
Aflac Incorporated,Accident &Health Insurance,NYSE,Finance,8 Butterfield Court
Natuzzi, S.p.A.,Home Furnishings,NYSE,Consumer Durables,1 Erie Terrace
Mesa Royalty Trust,Oil & Gas Production,NYSE,Energy,344 Londonderry Park
Government Properties Income Trust,Real Estate,NASDAQ,Finance,5997 Dakota Place
Buffalo Wild Wings, Inc.,Restaurants,NASDAQ,Consumer Services,29678 Rusk Center
Community Trust Bancorp, Inc.,Major Banks,NASDAQ,Finance,8 Stephen Drive
American Vanguard Corporation,Agricultural Chemicals,NYSE,Basic Industries,823 Anzinger Way
Opus Bank,n/a,NASDAQ,n/a,677 Eastwood Street
Forum Energy Technologies, Inc.,Metal Fabrications,NYSE,Energy,90159 Larry Circle
Paragon Commercial Corporation,Major Banks,NASDAQ,Finance,50 Summit Plaza
Diamondback Energy, Inc.,Oil & Gas Production,NASDAQ,Energy,74 Upham Circle
Fifth Street Senior Floating Rate Corp.,n/a,NASDAQ,n/a,90 Golden Leaf Lane
Heritage Financial Corporation,Banks,NASDAQ,Finance,614 Riverside Street
GTY Technology Holdings, Inc.,Business Services,NASDAQ,Finance,89449 Division Parkway
Soleno Therapeutics, Inc.,Biotechnology: Electromedical & Electrotherapeutic Apparatus,NASDAQ,Health Care,11 Main Hill
Telephone and Data Systems, Inc.,Telecommunications Equipment,NYSE,Public Utilities,11 Moland Point
2U, Inc.,Computer Software: Prepackaged Software,NASDAQ,Technology,7651 Tomscot Pass
Western Asset Corporate Loan Fund Inc,n/a,NYSE,n/a,67 Hollow Ridge Parkway
Watsco, Inc.,Industrial Machinery/Components,NYSE,Consumer Durables,655 Kipling Center
First Trust Strategic Income ETF,n/a,NASDAQ,n/a,107 Dunning Avenue
Finisar Corporation,Semiconductors,NASDAQ,Technology,2855 Esch Avenue
BHP Billiton Limited,Precious Metals,NYSE,Basic Industries,28870 Lighthouse Bay Trail
Orion Energy Systems, Inc.,Building Products,NASDAQ,Consumer Durables,21120 Sherman Drive
Microvision, Inc.,Industrial Machinery/Components,NASDAQ,Capital Goods,22 Roth Court
Applied Industrial Technologies, Inc.,Industrial Specialties,NYSE,Consumer Durables,22 Graedel Way
RMG Networks Holding Corporation,Business Services,NASDAQ,Miscellaneous,952 Bowman Lane
Atlantica Yield plc,Electric Utilities: Central,NASDAQ,Public Utilities,725 Memorial Circle
Blackrock Global,n/a,NYSE,n/a,9944 Arrowood Street
Texas Capital Bancshares, Inc.,Major Banks,NASDAQ,Finance,11 Graedel Parkway
Park-Ohio Holdings Corp.,Industrial Specialties,NASDAQ,Capital Goods,74076 Brown Terrace
First Trust/Aberdeen Emerging Opportunity Fund,n/a,NYSE,n/a,55 Westerfield Point
Dollar Tree, Inc.,Department/Specialty Retail Stores,NASDAQ,Consumer Services,84 Bultman Avenue
Tsakos Energy Navigation Ltd,n/a,NYSE,n/a,7 Mandrake Point
Western Asset Corporate Loan Fund Inc,n/a,NYSE,n/a,801 Morrow Way
Ramco-Gershenson Properties Trust,Real Estate Investment Trusts,NYSE,Consumer Services,3 Hollow Ridge Alley
Mattersight Corporation,EDP Services,NASDAQ,Technology,5 Upham Way
Great Ajax Corp.,Real Estate Investment Trusts,NYSE,Consumer Services,7 Thierer Street
SunTrust Banks, Inc.,Major Banks,NYSE,Finance,1 Sugar Place
Salisbury Bancorp, Inc.,Savings Institutions,NASDAQ,Finance,16 Stephen Way
C.R. Bard, Inc.,Medical/Dental Instruments,NYSE,Health Care,56 Tony Alley
PPG Industries, Inc.,Paints/Coatings,NYSE,Basic Industries,92 Hintze Alley
Drive Shack Inc.,n/a,NYSE,n/a,1231 Pearson Court
Gold Fields Limited,Precious Metals,NYSE,Basic Industries,04 Cardinal Avenue
Electronic Arts Inc.,Computer Software: Prepackaged Software,NASDAQ,Technology,37370 Hooker Alley
Flaherty & Crumrine Total Return Fund Inc,n/a,NYSE,n/a,82 Delaware Court
Western Asset Mortgage Capital Corporation,Real Estate Investment Trusts,NYSE,Consumer Services,0343 Ilene Point
Hennessy Advisors, Inc.,Investment Managers,NASDAQ,Finance,58 Golf View Lane
FIRST REPUBLIC BANK,n/a,NYSE,n/a,61054 Green Road
Eaton Vance High Income 2021 Target Term Trust,n/a,NYSE,n/a,29 Sheridan Alley
Luxottica Group, S.p.A.,Ophthalmic Goods,NYSE,Health Care,7607 Johnson Parkway
Cumulus Media Inc.,Broadcasting,NASDAQ,Consumer Services,3273 Spohn Road
Stewart Information Services Corporation,Specialty Insurers,NYSE,Finance,5588 Logan Place
PLDT Inc.,Telecommunications Equipment,NYSE,Public Utilities,9291 Hovde Way
BlueLinx Holdings Inc.,Wholesale Distributors,NYSE,Capital Goods,23670 Ridgeview Trail
QIWI plc,Business Services,NASDAQ,Miscellaneous,1 Golf Course Point
American Express Company,Finance: Consumer Services,NYSE,Finance,1 Dixon Center
RPC, Inc.,Oilfield Services/Equipment,NYSE,Energy,49462 Lakeland Crossing
Eaton Vance Tax-Advantaged Global Dividend Income Fund,n/a,NYSE,n/a,2521 Stuart Court
AquaBounty Technologies, Inc.,n/a,NASDAQ,n/a,8193 Ryan Parkway
Cullen/Frost Bankers, Inc.,n/a,NYSE,n/a,79 Union Hill
Hertz Global Holdings, Inc,Rental/Leasing Companies,NYSE,Consumer Services,27925 Melby Pass
Brixmor Property Group Inc.,Real Estate Investment Trusts,NYSE,Consumer Services,3 Thackeray Drive
NCS Multistage Holdings, Inc.,n/a,NASDAQ,n/a,48794 Bobwhite Plaza
Vanguard Short-Term Government ETF,n/a,NASDAQ,n/a,888 Eliot Junction
Holly Energy Partners, L.P.,Natural Gas Distribution,NYSE,Energy,7 Caliangt Alley
Welltower Inc.,Real Estate Investment Trusts,NYSE,Consumer Services,1 Muir Street
Flaherty & Crumrine Total Return Fund Inc,n/a,NYSE,n/a,32 Southridge Circle
Randgold Resources Limited,Precious Metals,NASDAQ,Basic Industries,21495 Vernon Alley
Mid-Con Energy Partners, LP,Oil & Gas Production,NASDAQ,Energy,30 East Center
American Superconductor Corporation,Metal Fabrications,NASDAQ,Consumer Durables,37 Becker Point
Alibaba Group Holding Limited,Business Services,NYSE,Miscellaneous,208 Vermont Park
Hanesbrands Inc.,Clothing/Shoe/Accessory Stores,NYSE,Consumer Services,5 Longview Place
National General Holdings Corp,Property-Casualty Insurers,NASDAQ,Finance,958 Elmside Trail
FlexShares US Quality Large Cap Index Fund,n/a,NASDAQ,n/a,4 Fairview Pass
First Defiance Financial Corp.,Savings Institutions,NASDAQ,Finance,1304 Granby Way
New Ireland Fund, Inc. (The),n/a,NYSE,n/a,91825 Anzinger Avenue
Western Asset High Income Fund II Inc.,n/a,NYSE,n/a,45 Pepper Wood Lane
Immune Design Corp.,Major Pharmaceuticals,NASDAQ,Health Care,06 Village Green Place
Vanguard International Dividend Appreciation ETF,n/a,NASDAQ,n/a,4141 Manufacturers Crossing
CNOOC Limited,Oil & Gas Production,NYSE,Energy,78860 Towne Circle
Alexandria Real Estate Equities, Inc.,Real Estate Investment Trusts,NYSE,Consumer Services,40959 Continental Lane
Williams Partners LP,Natural Gas Distribution,NYSE,Public Utilities,6 Stone Corner Drive
Zymeworks Inc.,Major Pharmaceuticals,NYSE,Health Care,6326 Prentice Way
China Information Technology, Inc.,Computer Software: Prepackaged Software,NASDAQ,Technology,78827 Arizona Parkway
Gores Holdings II, Inc.,Business Services,NASDAQ,Finance,3 Hansons Street
EMCORE Corporation,Semiconductors,NASDAQ,Technology,83 Straubel Trail
Entergy Arkansas, Inc.,Electric Utilities: Central,NYSE,Public Utilities,031 Milwaukee Lane
PowerShares Variable Rate Investment Grade Portfolio,n/a,NASDAQ,n/a,03 Springview Alley
EPR Properties,n/a,NYSE,n/a,756 Golf Avenue
R.R. Donnelley & Sons Company,Publishing,NYSE,Miscellaneous,4 Waywood Way
Dana Incorporated,Auto Parts:O.E.M.,NYSE,Capital Goods,042 Little Fleur Junction
TheStreet, Inc.,Newspapers/Magazines,NASDAQ,Consumer Services,87 Packers Lane
BlackRock Energy and Resources Trust,n/a,NYSE,n/a,8142 Kedzie Way
Primoris Services Corporation,Water Supply,NASDAQ,Basic Industries,45 Scoville Crossing
Comerica Incorporated,Major Banks,NYSE,Finance,6 Marcy Trail
Principal Shareholder Yield Index ETF,n/a,NASDAQ,n/a,70205 Shopko Park
NextEra Energy, Inc.,n/a,NYSE,n/a,08 Menomonie Lane
Lam Research Corporation,Industrial Machinery/Components,NASDAQ,Technology,4572 Kennedy Pass
Nathan s Famous, Inc.,Restaurants,NASDAQ,Consumer Services,41 Talisman Park
Vanguard Russell 2000 Growth ETF,n/a,NASDAQ,n/a,7 Mosinee Terrace
Home Federal Bancorp, Inc. of Louisiana,Savings Institutions,NASDAQ,Finance,3 Lakewood Plaza
AllianceBernstein Holding L.P.,Investment Managers,NYSE,Finance,93 Vahlen Point
Axsome Therapeutics, Inc.,Major Pharmaceuticals,NASDAQ,Health Care,67 Messerschmidt Circle
Protagonist Therapeutics, Inc.,Major Pharmaceuticals,NASDAQ,Health Care,04 Becker Road
Alliance National Municipal Income Fund Inc,n/a,NYSE,n/a,7 Mallory Plaza
Realty Income Corporation,Real Estate Investment Trusts,NYSE,Consumer Services,389 Merchant Point
Digimarc Corporation,EDP Services,NASDAQ,Technology,6367 North Trail
Cincinnati Bell Inc,Telecommunications Equipment,NYSE,Public Utilities,079 Mandrake Park
Cummins Inc.,Industrial Machinery/Components,NYSE,Energy,1 Jay Point
Organovo Holdings, Inc.,Biotechnology: Biological Products (No Diagnostic Substances),NASDAQ,Health Care,81774 Ronald Regan Pass
Atlantic Alliance Partnership Corp.,Services-Misc. Amusement & Recreation,NASDAQ,Consumer Services,73 Upham Place
LivePerson, Inc.,Computer Software: Prepackaged Software,NASDAQ,Technology,13 Old Gate Avenue
SunTrust Banks, Inc.,Major Banks,NYSE,Finance,02 Bobwhite Way
National General Holdings Corp,Property-Casualty Insurers,NASDAQ,Finance,0226 Waxwing Street
Liberty Broadband Corporation,Television Services,NASDAQ,Consumer Services,367 Sherman Alley
Tableau Software, Inc.,Computer Software: Prepackaged Software,NYSE,Technology,987 Westridge Plaza
Lazard Global Total Return and Income Fund,n/a,NYSE,n/a,097 Darwin Road
Blackrock Municipal Bond Trust,n/a,NYSE,n/a,4 Stephen Pass
Atlantic Coast Financial Corporation,Savings Institutions,NASDAQ,Finance,64 Vera Way
Vantage Energy Acquisition Corp.,Business Services,NASDAQ,Finance,8 Meadow Ridge Place
Biocept, Inc.,Medical Specialities,NASDAQ,Health Care,95165 Hanover Court
EPR Properties,n/a,NYSE,n/a,84987 Anthes Terrace
Heritage Financial Corporation,Banks,NASDAQ,Finance,42 Coleman Plaza
Amyris, Inc.,Major Chemicals,NASDAQ,Basic Industries,2 Dawn Trail
MAM Software Group, Inc.,Computer Software: Prepackaged Software,NASDAQ,Technology,0914 Elgar Center
The GDL Fund,n/a,NYSE,n/a,5 4th Trail
Revance Therapeutics, Inc.,Major Pharmaceuticals,NASDAQ,Health Care,899 Memorial Pass
iShares MSCI New Zealand Capped ETF,n/a,NASDAQ,n/a,628 Buhler Pass
Royce Value Trust, Inc.,n/a,NYSE,n/a,3 2nd Lane
Artisan Partners Asset Management Inc.,Investment Managers,NYSE,Finance,30059 Fordem Place
Five Oaks Investment Corp.,n/a,NYSE,n/a,256 Myrtle Junction
NI Holdings, Inc.,Property-Casualty Insurers,NASDAQ,Finance,2222 Kedzie Plaza
Merck & Company, Inc.,Major Pharmaceuticals,NYSE,Health Care,3 Mesta Hill
Tesla, Inc. ,Auto Manufacturing,NASDAQ,Capital Goods,513 Delladonna Junction
Nuveen Senior Income Fund,n/a,NYSE,n/a,114 Larry Crossing
CGG,Oil & Gas Production,NYSE,Energy,449 Lighthouse Bay Alley
Amplify Snack Brands, inc.,Packaged Foods,NYSE,Consumer Non-Durables,40 Fulton Avenue
Pimco Income Opportunity Fund,n/a,NYSE,n/a,0 Park Meadow Place
NextEra Energy, Inc.,n/a,NYSE,n/a,1404 Katie Hill
Landstar System, Inc.,Trucking Freight/Courier Services,NASDAQ,Transportation,6334 Fordem Junction
First Trust Dorsey Wright Focus 5 ETF,n/a,NASDAQ,n/a,65105 Hudson Terrace
Delaware Investments Dividend & Income Fund, Inc.,n/a,NYSE,n/a,85 Londonderry Circle
JinkoSolar Holding Company Limited,Semiconductors,NYSE,Technology,682 Vidon Hill
NetSol Technologies Inc.,Computer Software: Prepackaged Software,NASDAQ,Technology,16582 Briar Crest Hill
2U, Inc.,Computer Software: Prepackaged Software,NASDAQ,Technology,453 Nova Circle
Renesola Ltd.,Semiconductors,NYSE,Technology,299 Tennyson Road
Lions Gate Entertainment Corporation,n/a,NYSE,n/a,31790 Bartelt Pass
SkyWest, Inc.,Air Freight/Delivery Services,NASDAQ,Transportation,9786 Kim Court
Raymond James Financial, Inc.,Investment Bankers/Brokers/Service,NYSE,Finance,02 Holmberg Parkway
Kimco Realty Corporation,n/a,NYSE,n/a,2971 Aberg Way
NeuroDerm Ltd.,Major Pharmaceuticals,NASDAQ,Health Care,43 Portage Crossing
aTyr Pharma, Inc.,Biotechnology: Biological Products (No Diagnostic Substances),NASDAQ,Health Care,81811 Harper Crossing
Zebra Technologies Corporation,Industrial Machinery/Components,NASDAQ,Technology,325 Carpenter Court
Cinedigm Corp,Consumer Electronics/Video Chains,NASDAQ,Consumer Services,8 Garrison Street
Avista Healthcare Public Acquisition Corp.,Business Services,NASDAQ,Finance,552 Westerfield Hill
Viveve Medical, Inc.,Biotechnology: Electromedical & Electrotherapeutic Apparatus,NASDAQ,Health Care,7440 Spaight Point
Suburban Propane Partners, L.P.,Other Specialty Stores,NYSE,Consumer Services,3498 Green Drive
Boston Omaha Corporation,n/a,NASDAQ,n/a,5884 Orin Court
Monolithic Power Systems, Inc.,Semiconductors,NASDAQ,Technology,40 Gale Court
Everspin Technologies, Inc.,Semiconductors,NASDAQ,Technology,30867 Sunnyside Circle
Stanley Black & Decker, Inc.,Industrial Machinery/Components,NYSE,Capital Goods,0 Jay Terrace
QEP Resources, Inc.,Oil & Gas Production,NYSE,Energy,52 Lawn Pass
Cypress Semiconductor Corporation,Semiconductors,NASDAQ,Technology,9292 Dennis Place
First Trust Small Cap Value AlphaDEX Fund,n/a,NASDAQ,n/a,0099 Nevada Street
AVX Corporation,Electrical Products,NYSE,Capital Goods,50574 Gulseth Place
U.S. Bancorp,n/a,NYSE,n/a,9 Heath Center
Renewable Energy Group, Inc.,Major Chemicals,NASDAQ,Basic Industries,6 Golf Course Point
Stemline Therapeutics, Inc.,Major Pharmaceuticals,NASDAQ,Health Care,22966 Bellgrove Hill
WildHorse Resource Development Corporation,Oil & Gas Production,NYSE,Energy,5 Village Plaza
NXP Semiconductors N.V.,Semiconductors,NASDAQ,Technology,6 Fuller Drive
Powell Industries, Inc.,Electrical Products,NASDAQ,Consumer Durables,82 Mariners Cove Road
Lions Gate Entertainment Corporation,n/a,NYSE,n/a,929 Banding Trail
Ohr Pharmaceuticals, Inc.,Major Pharmaceuticals,NASDAQ,Health Care,73272 Comanche Park
Meridian Bioscience Inc.,Biotechnology: In Vitro & In Vivo Diagnostic Substances,NASDAQ,Health Care,8 Sommers Street
International Game Technology,Services-Misc. Amusement & Recreation,NYSE,Consumer Services,80297 Talmadge Junction
American Financial Group, Inc.,Property-Casualty Insurers,NYSE,Finance,644 Hoepker Parkway
Newtek Business Services Corp.,n/a,NASDAQ,n/a,5277 Harper Street
PetMed Express, Inc.,Medical/Nursing Services,NASDAQ,Health Care,7 Vernon Center
Petrobras Argentina S.A.,Oil & Gas Production,NYSE,Energy,242 Graceland Parkway
Conyers Park Acquisition Corp.,Business Services,NASDAQ,Finance,134 Scott Court
Cullen/Frost Bankers, Inc.,n/a,NYSE,n/a,35373 Waywood Junction
Education Realty Trust Inc.,Real Estate Investment Trusts,NYSE,Consumer Services,29 Barnett Crossing
Deltic Timber Corporation,Forest Products,NYSE,Basic Industries,91 East Park
Cambium Learning Group, Inc.,Publishing,NASDAQ,Consumer Services,92 Vera Court
Kindred Biosciences, Inc.,Major Pharmaceuticals,NASDAQ,Health Care,8265 Farragut Avenue
Momo Inc.,Computer Software: Prepackaged Software,NASDAQ,Technology,7 Debra Place
First Trust Small Cap Growth AlphaDEX Fund,n/a,NASDAQ,n/a,01 Rigney Park
Marine Products Corporation,Marine Transportation,NYSE,Capital Goods,09 Melrose Terrace
Electro-Sensors, Inc.,Industrial Machinery/Components,NASDAQ,Capital Goods,89 Brown Plaza
SandRidge Mississippian Trust I,Oil & Gas Production,NYSE,Energy,46801 Hooker Parkway
Internet Initiative Japan, Inc.,Computer Software: Programming, Data Processing,NASDAQ,Technology,6877 Lotheville Drive
Performance Food Group Company,Food Distributors,NYSE,Consumer Non-Durables,974 Colorado Park
Mack-Cali Realty Corporation,Real Estate Investment Trusts,NYSE,Consumer Services,2 Bowman Drive
Genuine Parts Company,Automotive Aftermarket,NYSE,Capital Goods,41 Tennessee Circle
Chicago Bridge & Iron Company N.V.,Engineering & Construction,NYSE,Basic Industries,77695 Fisk Alley
New America High Income Fund, Inc. (The),n/a,NYSE,n/a,56 Lillian Lane
PowerShares KBW Premium Yield Equity REIT Portfolio,n/a,NASDAQ,n/a,01 Forest Dale Trail
Agilysys, Inc.,EDP Services,NASDAQ,Technology,13351 Hanson Pass
51job, Inc.,Diversified Commercial Services,NASDAQ,Technology,3 Ruskin Drive
Weatherford International plc,Metal Fabrications,NYSE,Energy,02606 Ryan Terrace
Nuveen Select Tax Free Income Portfolio II,n/a,NYSE,n/a,29919 Doe Crossing Park
FleetCor Technologies, Inc.,Business Services,NYSE,Miscellaneous,8 8th Street
Adecoagro S.A.,Farming/Seeds/Milling,NYSE,Consumer Non-Durables,48146 Randy Lane
Cowen Inc.,Investment Bankers/Brokers/Service,NASDAQ,Finance,5 Columbus Pass
Ramco-Gershenson Properties Trust,n/a,NYSE,n/a,12089 Reinke Circle
Cracker Barrel Old Country Store, Inc.,Restaurants,NASDAQ,Consumer Services,2009 Grover Center
Brookfield Real Assets Income Fund Inc.,n/a,NYSE,n/a,83539 Buena Vista Point
ACADIA Pharmaceuticals Inc.,Major Pharmaceuticals,NASDAQ,Health Care,196 Steensland Center
eBay Inc.,Business Services,NASDAQ,Miscellaneous,73 Golf Park
Park Sterling Corporation,Major Banks,NASDAQ,Finance,2 Chive Drive
General Finance Corporation,Diversified Commercial Services,NASDAQ,Technology,437 Stang Hill
Brasilagro Cia Brasileira De Propriedades Agricolas,n/a,NYSE,n/a,0129 Maywood Road
Banc of California, Inc.,n/a,NYSE,n/a,99895 Sage Point
General American Investors, Inc.,n/a,NYSE,n/a,5299 Arkansas Pass
Fly Leasing Limited,n/a,NYSE,n/a,7 Homewood Hill
BankUnited, Inc.,Savings Institutions,NYSE,Finance,6 Chive Center
Westlake Chemical Corporation,Major Chemicals,NYSE,Basic Industries,68371 West Plaza
ProShares UltraShort Nasdaq Biotechnology,n/a,NASDAQ,n/a,2 Bartillon Hill
Ikonics Corporation,Industrial Machinery/Components,NASDAQ,Miscellaneous,44760 Judy Court
China Green Agriculture, Inc.,Agricultural Chemicals,NYSE,Basic Industries,57 Pepper Wood Court
Open Text Corporation,EDP Services,NASDAQ,Technology,04890 Pepper Wood Alley
Lennar Corporation,Homebuilding,NYSE,Basic Industries,2 Johnson Avenue
Enduro Royalty Trust,Oil & Gas Production,NYSE,Energy,485 Leroy Park
Virtu Financial, Inc.,Investment Bankers/Brokers/Service,NASDAQ,Finance,4 Oneill Junction
Triangle Capital Corporation,n/a,NYSE,n/a,73 Hagan Hill
Realty Income Corporation,Real Estate Investment Trusts,NYSE,Consumer Services,97613 Mayer Plaza
Cooper Companies, Inc. (The),Ophthalmic Goods,NYSE,Health Care,57154 Bunting Terrace
McDonald s Corporation,Restaurants,NYSE,Consumer Services,3 Farragut Avenue
National General Holdings Corp,Property-Casualty Insurers,NASDAQ,Finance,1060 Morningstar Junction
The Charles Schwab Corporation,n/a,NYSE,n/a,257 Sundown Junction
Match Group, Inc.,Computer Software: Programming, Data Processing,NASDAQ,Technology,44 Springview Lane
Echelon Corporation,Computer Communications Equipment,NASDAQ,Technology,87016 Pond Circle
Neos Therapeutics, Inc.,Major Pharmaceuticals,NASDAQ,Health Care,73 Jenna Pass
AG Mortgage Investment Trust, Inc.,n/a,NYSE,n/a,807 Schiller Place
Cubic Corporation,Industrial Machinery/Components,NYSE,Capital Goods,49 Springs Street
Applied Industrial Technologies, Inc.,Industrial Specialties,NYSE,Consumer Durables,44998 Summit Street
Spring Bank Pharmaceuticals, Inc.,Major Pharmaceuticals,NASDAQ,Health Care,9606 Montana Lane
Credit Acceptance Corporation,Finance: Consumer Services,NASDAQ,Finance,67 Kinsman Center
Collectors Universe, Inc.,Business Services,NASDAQ,Miscellaneous,21 Garrison Drive
Blackrock Municipal Income Quality Trust,n/a,NYSE,n/a,01 Carpenter Court
First Trust Global Tactical Commodity Strategy Fund,n/a,NASDAQ,n/a,154 Meadow Valley Court
Renesola Ltd.,Semiconductors,NYSE,Technology,9925 Lyons Place
Penn West Petroleum Ltd,Oil & Gas Production,NYSE,Energy,13 Dovetail Point
Quality Systems, Inc.,EDP Services,NASDAQ,Technology,219 Commercial Lane
WesBanco, Inc.,Major Banks,NASDAQ,Finance,092 Dunning Court
Vanguard Short-Term Government ETF,n/a,NASDAQ,n/a,3997 Loftsgordon Crossing
Sonoma Pharmaceuticals, Inc.,Major Pharmaceuticals,NASDAQ,Health Care,23 Graceland Plaza
GlassBridge Enterprises, Inc.,Electronic Components,NYSE,Technology,763 Dennis Place
The Charles Schwab Corporation,n/a,NYSE,n/a,04 Ridgeview Circle
Bill Barrett Corporation,Oil & Gas Production,NYSE,Energy,3 Caliangt Pass
J.C. Penney Company, Inc. Holding Company,Department/Specialty Retail Stores,NYSE,Consumer Services,542 Golden Leaf Pass
Eastern Virginia Bankshares, Inc.,Major Banks,NASDAQ,Finance,20 Vera Circle
pdvWireless, Inc.,Telecommunications Equipment,NASDAQ,Public Utilities,82 Marcy Alley
Verona Pharma plc,Major Pharmaceuticals,NASDAQ,Health Care,803 Warbler Point
Hospitality Properties Trust,Real Estate Investment Trusts,NASDAQ,Consumer Services,199 Wayridge Parkway
Northwest Natural Gas Company,Oil/Gas Transmission,NYSE,Public Utilities,86 Old Shore Way
Independence Contract Drilling, Inc.,Oil & Gas Production,NYSE,Energy,7 Southridge Avenue
First Trust Indxx Global Agriculture ETF,n/a,NASDAQ,n/a,94 Londonderry Point
MEDIFAST INC,Packaged Foods,NYSE,Consumer Non-Durables,2 Namekagon Pass
Evoke Pharma, Inc.,Major Pharmaceuticals,NASDAQ,Health Care,80282 Tomscot Trail
Alliance Holdings GP, L.P.,Coal Mining,NASDAQ,Energy,1 Lunder Junction
Southwest Bancorp, Inc.,Major Banks,NASDAQ,Finance,91339 Jackson Place
Moog Inc.,n/a,NYSE,n/a,8 Vermont Trail
WisdomTree Japan Hedged SmallCap Equity Fund,n/a,NASDAQ,n/a,7 Calypso Road
Lumber Liquidators Holdings, Inc,RETAIL: Building Materials,NYSE,Consumer Services,21 Holy Cross Park
TCF Financial Corporation,n/a,NYSE,n/a,172 Hagan Place
ResMed Inc.,Medical/Dental Instruments,NYSE,Health Care,6821 Anniversary Hill
Goldman Sachs Group, Inc. (The),n/a,NYSE,n/a,73453 Mcbride Parkway
M B T Financial Corp,Major Banks,NASDAQ,Finance,51 Kim Hill
Celyad SA,Major Pharmaceuticals,NASDAQ,Health Care,6726 Westport Park
NorthStar Realty Europe Corp.,Real Estate Investment Trusts,NYSE,Consumer Services,8284 Mayfield Hill
TravelCenters of America LLC,Automotive Aftermarket,NASDAQ,Consumer Durables,6287 Redwing Avenue
Ubiquiti Networks, Inc.,Radio And Television Broadcasting And Communications Equipment,NASDAQ,Technology,3 Michigan Court
America Movil, S.A.B. de C.V.,Telecommunications Equipment,NASDAQ,Public Utilities,06 Erie Trail
Tutor Perini Corporation,General Bldg Contractors - Nonresidential Bldgs,NYSE,Basic Industries,6 Continental Way
MainSource Financial Group, Inc.,Major Banks,NASDAQ,Finance,9949 Independence Road
MGE Energy Inc.,Electric Utilities: Central,NASDAQ,Energy,8492 Twin Pines Circle
Spark Energy, Inc.,Power Generation,NASDAQ,Public Utilities,76 Holy Cross Crossing
DarioHealth Corp.,Medical/Dental Instruments,NASDAQ,Health Care,89 Macpherson Avenue
AG Mortgage Investment Trust, Inc.,n/a,NYSE,n/a,94 Oakridge Parkway
ProAssurance Corporation,Property-Casualty Insurers,NYSE,Finance,63 Holy Cross Parkway
Kayne Anderson MLP Investment Company,n/a,NYSE,n/a,733 Talisman Road
Sunesis Pharmaceuticals, Inc.,Major Pharmaceuticals,NASDAQ,Health Care,3 Delaware Drive
Tenaris S.A.,Steel/Iron Ore,NYSE,Basic Industries,3485 Porter Place
Mazor Robotics Ltd.,Medical/Dental Instruments,NASDAQ,Health Care,3102 Atwood Parkway
Glen Burnie Bancorp,Major Banks,NASDAQ,Finance,20 Dixon Way
Deutsche Bank AG,Major Banks,NYSE,Finance,85510 Lawn Point
Extreme Networks, Inc.,Computer Communications Equipment,NASDAQ,Technology,1 Arizona Place
Telephone and Data Systems, Inc.,Telecommunications Equipment,NYSE,Public Utilities,1 Longview Way
YY Inc.,EDP Services,NASDAQ,Technology,69 Helena Hill
First Trust Dorsey Wright International Focus 5 ETF,n/a,NASDAQ,n/a,5 Del Mar Avenue
Armstrong Flooring, Inc.,Plastic Products,NYSE,Consumer Non-Durables,56614 Mcbride Crossing
Web.com Group, Inc.,Computer Software: Prepackaged Software,NASDAQ,Technology,5649 Melvin Hill
Atkore International Group Inc.,Industrial Machinery/Components,NYSE,Miscellaneous,0475 Katie Terrace
Nautilus Group, Inc. (The),Recreational Products/Toys,NYSE,Consumer Non-Durables,15 Calypso Drive
Electronics for Imaging, Inc.,Computer Communications Equipment,NASDAQ,Technology,40 Alpine Trail
Pyxis Tankers Inc.,Marine Transportation,NASDAQ,Transportation,572 Chive Lane
Pennsylvania Real Estate Investment Trust,n/a,NYSE,n/a,78124 Arkansas Trail
VivoPower International PLC,Power Generation,NASDAQ,Public Utilities,1763 High Crossing Park
Scudder Global High Income Fund, Inc.,n/a,NYSE,n/a,4811 Spohn Plaza
Arch Capital Group Ltd.,Property-Casualty Insurers,NASDAQ,Finance,6568 Independence Park
CHS Inc,Farming/Seeds/Milling,NASDAQ,Consumer Services,5195 Oak Valley Lane
Titan International, Inc.,Steel/Iron Ore,NYSE,Basic Industries,67 Coleman Trail
Avnet, Inc.,Electronic Components,NYSE,Consumer Non-Durables,9475 Riverside Pass
Atmos Energy Corporation,Oil/Gas Transmission,NYSE,Public Utilities,6 Clyde Gallagher Center
Callidus Software, Inc.,EDP Services,NASDAQ,Technology,873 Caliangt Plaza
Fidelity Nasdaq Composite Index Tracking Stock,n/a,NASDAQ,n/a,0 Hermina Street
PRGX Global, Inc.,Diversified Commercial Services,NASDAQ,Consumer Services,20 7th Hill
Virtu Financial, Inc.,Investment Bankers/Brokers/Service,NASDAQ,Finance,86271 Hoffman Crossing
Live Oak Bancshares, Inc.,Major Banks,NASDAQ,Finance,9 Stoughton Road
Turtle Beach Corporation,Telecommunications Equipment,NASDAQ,Consumer Durables,532 Portage Center
First Connecticut Bancorp, Inc.,Banks,NASDAQ,Finance,0 Mallory Pass
Tantech Holdings Ltd.,Major Chemicals,NASDAQ,Basic Industries,88 Ryan Plaza
STRATS Trust,Finance: Consumer Services,NYSE,Finance,45 Daystar Pass